brand,model,count,avg_price,min_price,max_price,min_year,max_year,avg_mileage
Toyota,Camry,664,9108064.612951808,300000,26000000,1988,2026,186575.32276119402
BMW,X5,337,21418915.272997033,1600000,92000000,1999,2025,152542.31558935362
Hyundai,Tucson,248,11546710.407258065,500000,17890000,2004,2026,77040.94759825327
Hyundai,Accent,227,5718111.581497798,450000,9500000,2003,2023,155154.5693069307
Hyundai,Elantra,226,7668495.57079646,1690000,12400000,2003,2025,106935.30288461539
Hyundai,Sonata,222,9508301.846846847,700000,19000000,1997,2025,120963.39705882352
Hyundai,Grandeur,208,9264894.221153846,2500000,22500000,2004,2023,157067.02116402116
Hyundai,Santa Fe,166,14251987.93373494,1500000,27500000,2001,2025,100452.89873417722
Toyota,Land Cruiser Prado,166,17949753.542168673,2500000,55000000,1991,2025,204002.4315068493
BMW,530,134,15172537.298507463,1200000,45000000,1991,2025,151713.08080808082
Toyota,Land Cruiser,130,25955512.8,4000000,70000000,1993,2025,187974.74774774775
BMW,525,124,3378629.0161290322,550000,33000000,1988,2024,227710.31944444444
Toyota,RAV4,120,10305537.941666666,1800000,23500000,1995,2025,147573.0185185185
Toyota,Corolla,105,6559809.523809524,1300000,14400000,1995,2025,157539.16279069768
Toyota,Highlander,90,17291444.433333334,5200000,39000000,2001,2025,154650.48
BMW,528,89,6974444.438202247,2300000,13000000,1995,2016,206364.18421052632
Volkswagen,Passat,83,2012530.1084337349,480000,7900000,1988,2014,286699.6538461539
Chevrolet,Cobalt,82,5411692.146341464,608758,7000000,2020,2026,69593.17647058824
ВАЗ,(Lada) Priora 2170,80,2505311.0875,666000,4800000,2007,2017,216503.74074074073
ГАЗ,ГАЗель,76,6323421.052631579,1500000,13400000,1996,2024,228596.82692307694
BMW,535,75,11426000.0,6000000,15500000,2007,2016,185588.12727272726
BMW,X6,72,22974938.236111112,8000000,77000000,2008,2025,119421.15151515152
ВАЗ,(Lada) Granta 2190,67,2884776.119402985,1040000,5900000,2012,2025,159517.12068965516
Kia,Sportage,65,10405984.6,1000000,19000000,1994,2026,103476.94827586207
BMW,X7,62,53288117.048387095,25000000,98055641,2019,2025,62560.236363636366
BMW,520,60,7893159.75,600000,40000000,1989,2024,210903.2093023256
Kia,K5,60,9760503.35,3000000,15500000,2010,2025,106538.94642857143
Kia,Rio,59,5537118.644067797,1350000,8200000,2005,2022,152681.8679245283
Kia,Sorento,56,14446964.285714285,5500000,23500000,2006,2025,90635.44230769231
Hyundai,Palisade,55,23505799.98181818,15750000,36100000,2019,2025,57446.166666666664
Volkswagen,Golf,53,1635190.3018867925,125086,7950000,1989,2014,239886.4516129032
Daewoo,Nexia,52,1622480.7692307692,300000,2880000,2004,2014,241777.1794871795
Hyundai,Creta,52,8482416.0,6600000,10500000,2016,2022,108241.10416666667
Volkswagen,Polo,52,5099636.673076923,2900000,7890000,2011,2021,168639.84782608695
Toyota,Alphard,51,8779324.764705881,3500000,38500000,2002,2021,229585.45454545456
Subaru,Outback,50,7904200.0,3200000,19200000,2000,2024,189681.13636363635
Toyota,Sienna,47,13367021.255319148,3500000,27000000,1997,2023,212791.925
Subaru,Forester,45,8150444.444444444,1750000,24900000,1997,2026,163120.77777777778
Audi,A6,44,4828686.840909091,1000000,20390000,1994,2024,276930.125
ВАЗ,(Lada) 2114,43,1374004.3255813953,380000,2650000,2004,2013,260728.34375
BMW,540,42,16266666.666666666,3000000,34500000,1986,2022,153931.87096774194
Deepal,S07,42,12658809.523809524,11100000,15000000,2024,2026,3892.9
Audi,100,40,1636000.0,200000,3000000,1986,1994,340852.5833333333
Kia,K7,39,9628205.128205128,4650000,15500000,2012,2021,183619.0606060606
BMW,X7 XDrive 40i,38,73287317.44736843,29561000,105327000,2019,2026,22174.5625
Lexus,LX 570,38,31487894.710526317,14990000,88000000,2008,2025,184298.37142857144
Lexus,RX 300,38,10214473.684210526,3500000,31000000,1998,2022,188891.07692307694
Mercedes-Benz,E 320,38,4490526.2894736845,800000,8000000,1992,2005,301166.5833333333
BMW,740,37,23103783.756756756,1500000,80000000,1993,2025,147491.25806451612
Kia,Cerato,37,6714864.864864865,2500000,13000000,2007,2025,145358.24137931035
Changan,CS55 Plus,35,9348466.514285713,7450000,11000000,2022,2026,18063.0
Chevrolet,Nexia,33,4604848.484848484,3200000,5750000,2020,2023,99619.93333333333
ВАЗ,(Lada) Priora 2172,33,1972708.0303030303,1100000,3200000,2008,2015,222432.27272727274
Lexus,RX 350,32,16234687.5,6790000,39000000,2006,2025,161978.0625
Subaru,Legacy,32,2814375.0,450000,12500000,1991,2021,269298.8
Mitsubishi,Pajero,31,6046774.193548387,2000000,12100000,1990,2013,260376.2380952381
BMW,X5 XDrive 40i,30,59729674.06666667,21630000,82000000,2019,2025,22307.428571428572
ВАЗ,(Lada) Lada 2121,30,4017733.3333333335,600000,8500000,1995,2025,84865.24
Audi,80,29,1193103.448275862,550000,2000000,1988,1995,329385.1875
Mercedes-Benz,E 200,29,8419482.75862069,400000,50000000,1988,2025,245426.33333333334
Toyota,4Runner,29,19379310.344827585,3200000,42000000,1993,2026,177008.76
Land,Rover Range Rover,28,28006785.67857143,5600000,95000000,2007,2026,149362.5
Mercedes-Benz,S 500,28,12338928.57142857,2300000,63000000,1995,2021,206798.66666666666
BMW,320,27,8320000.0,850000,28000000,1991,2025,187466.25
Hyundai,Bayon,26,7858679.923076923,6500000,10000000,2022,2024,45148.25
BMW,M5,25,71844920.64,19500000,116323972,2012,2026,60854.57142857143
BMW,X3,25,18799936.84,4300000,46000000,2004,2025,115920.59090909091
Hyundai,i30,25,7563600.0,3900000,9800000,2010,2024,82742.34782608696
Nissan,Qashqai,25,7336028.16,2850000,10500000,2007,2021,132158.0
Toyota,Camry Luxe,25,20385199.96,10200000,26190000,2014,2026,62167.38888888889
ВАЗ,(Lada) Granta 2190 Classic'24,25,5690000.0,5690000,5690000,2025,2025,
BYD,Destroyer 05,24,7797791.666666667,7300000,8700000,2025,2026,1356.5
Nissan,X-Trail,24,8219166.666666667,3200000,13000000,2004,2023,123640.47368421052
ВАЗ,(Lada) Largus,24,3918750.0,2400000,6600000,2013,2021,216297.27272727274
Changan,CS55 Plus Tech,23,10004149.739130436,7900000,11290000,2024,2026,2697.4166666666665
Mercedes-Benz,E 280,23,2793478.2608695654,1200000,6000000,1992,2007,311896.71428571426
Mitsubishi,Delica,23,4723913.043478261,1700000,12000000,1991,2010,226184.92857142858
Opel,Astra,23,1717826.0869565217,710000,2900000,1992,2010,288529.4117647059
Renault,Duster,23,5280434.782608695,3500000,7500000,2013,2022,143085.2857142857
Kia,Optima,22,6265772.7272727275,1900000,10000000,2003,2020,147557.26315789475
Nissan,Almera,22,3375454.5454545454,660000,5200000,2002,2018,225992.54545454544
Toyota,Hilux,22,13579545.454545455,1500000,27500000,1995,2023,210594.5
BMW,330,21,11795904.761904761,3200000,27000000,1996,2025,139403.72222222222
BMW,728,21,2969047.619047619,1500000,4800000,1995,2001,294128.07692307694
Honda,CR-V,21,5353333.333333333,2500000,23900000,1995,2025,282129.6153846154
Mitsubishi,Montero Sport,21,6975714.285714285,2800000,26000000,1998,2025,241713.35714285713
Toyota,Avensis,21,3774009.904761905,1100000,7900000,1998,2013,269085.4117647059
Toyota,Carina E,21,1805600.1904761905,950000,2800000,1993,1998,284580.76923076925
ВАЗ,(Lada) 2115,21,1262537.9047619049,580000,2190000,2001,2012,261686.82352941178
Chevrolet,Cruze,20,3696500.0,2500000,5000000,2010,2015,189058.94444444444
Hyundai,Solaris,20,4594500.0,2700000,6100000,2011,2018,203668.14285714287
Mitsubishi,Outlander,20,6623000.0,3100000,13900000,2003,2022,182831.06666666668
Porsche,Cayenne,20,22414999.95,3700000,110000000,2004,2023,150275.83333333334
BMW,328,19,6569473.684210527,1800000,15000000,1985,2016,150724.6923076923
BMW,530 XDrive,19,42830177.315789476,14500000,69506904,2017,2026,41698.142857142855
BMW,X3 XDrive 20i,19,43963247.684210524,29600000,48122000,2025,2025,7.0
BYD,FangChengBao Titanium 3,19,13760526.315789474,9800000,16390000,2025,2026,3179.3333333333335
Hyundai,Starex,19,7052105.263157895,950000,12300000,2001,2019,241814.0
Mercedes-Benz,E 230,19,1356315.7894736843,680000,2500000,1989,1997,280400.1538461539
Nissan,Juke,19,4860526.315789473,3800000,6300000,2011,2014,170512.5
Opel,Vectra,19,905789.4736842106,290000,1800000,1988,2004,304818.8888888889
Toyota,Mark II,19,2760526.3157894737,1100000,8700000,1993,2005,342763.54545454547
ВАЗ,(Lada) Vesta SW Comfort MT,19,8190000.0,8190000,8190000,2025,2025,
Hyundai,Porter,18,10564333.333333334,3800000,16800000,1998,2025,143879.875
Li,L7,18,25372222.166666668,22000000,30999999,2023,2025,17485.85714285714
Mazda,626,18,1829444.4444444445,350000,3500000,1990,1999,318984.25
Nissan,Maxima,18,2055555.5555555555,1000000,3200000,1995,2004,302246.8461538461
Zeekr,9X,18,53192660.44444445,47000000,63888888,2025,2026,824.4285714285714
BMW,325,17,3223529.411764706,700000,5900000,1985,2008,234203.55555555556
Hyundai,i20,17,6677647.05882353,3700000,7700000,2010,2024,54650.46666666667
Li,L6,17,21158235.29411765,18500000,22800000,2024,2026,9370.57142857143
Mercedes-Benz,E 220,17,1807647.0588235294,900000,3850000,1990,2002,340620.625
Nissan,Patrol,17,15872941.176470589,2800000,64990000,1995,2026,197159.25
Skoda,Rapid,17,4528235.294117647,2400000,7500000,2013,2020,151692.88235294117
ВАЗ,(Lada) Priora 2171,17,1855984.4705882352,1380000,3000000,2011,2014,271046.5714285714
BMW,X5 M,16,39650000.0,10500000,101000000,2009,2024,89109.25
Kia,Cee'd,16,9258966.0,4880000,12000000,2013,2025,70945.625
Kia,Seltos,16,10317562.5,9000000,16500000,2020,2025,38194.5625
Lexus,ES 250,16,18168687.4375,10500000,26500000,2013,2024,113387.73333333334
Ravon,Nexia R3,16,4078125.0,3000000,5400000,2017,2023,148768.35714285713
Toyota,Estima,16,5237500.0,3000000,6850000,1995,2014,245464.0
ВАЗ,(Lada) Vesta Comfort CVT,16,7990000.0,7990000,7990000,2024,2025,
BMW,X2 XDrive 20i,15,39329645.06666667,35323000,47942739,2025,2026,9.75
Lexus,GS 300,15,5596666.666666667,2150000,8500000,1995,2011,323972.125
Li,L7 Pro,15,25581666.666666668,23700000,28000000,2025,2026,29.666666666666668
Mercedes-Benz,S 320,15,4796666.666666667,1200000,15000000,1993,2001,255345.77777777778
ВАЗ,(Lada) Granta 2191 Classic'24,15,5890000.0,5890000,5890000,2025,2025,
ГАЗ,ГАЗель NEXT,15,13839999.333333334,3500000,20000000,2013,2025,101392.69230769231
BYD,Seal 05,14,8122135.714285715,7500000,8600000,2025,2025,24.2
Changan,X5 Plus,14,7795739.357142857,7397000,8300000,2025,2026,2450.0
Dodge,RAM,14,45914142.85714286,23000000,72000000,2018,2025,47210.7
Hyundai,Avante,14,11099285.714285715,4900000,17600000,2010,2024,73921.25
Li,L6 Pro,14,20860714.285714287,19550000,22600000,2025,2026,16.666666666666668
Mercedes-Benz,G 63 AMG,14,67528571.35714285,27000000,150000000,2013,2026,101356.69230769231
Nissan,Cefiro,14,1690714.2857142857,850000,2550000,1995,2000,299851.8888888889
OMODA,C5,14,7990000.0,7990000,7990000,2025,2025,
Toyota,Ipsum,14,3585714.285714286,2500000,5500000,1996,2007,311625.0
Toyota,Sequoia,14,44485714.28571428,7500000,67000000,2002,2026,105848.63636363637
Zeekr,001,14,16024285.714285715,13500000,18590000,2023,2024,34650.357142857145
ГАЗ,ГАЗель NEXT A21R23,14,12500000.0,12500000,12500000,2026,2026,
ГАЗ,ГАЗель NEXT A22R33,14,13372000.0,13372000,13372000,2025,2026,
ГАЗ,ГАЗель NEXT A65R33,14,17769000.0,17769000,17769000,2026,2026,
BMW,318,13,1653076.923076923,420000,3600000,1989,2004,362271.55555555556
BMW,523,13,4900000.0,2200000,10000000,1996,2011,242223.57142857142
BMW,730,13,3842307.6923076925,1000000,12500000,1993,2011,257833.16666666666
BYD,Qin L DM-i Leading,13,10184615.384615384,9450000,10790000,2025,2025,21.11111111111111
Cadillac,Escalade,13,47038461.538461536,6000000,110000000,2006,2025,124873.4
Kia,Soul,13,7185384.615384615,3740000,10500000,2012,2023,106917.36363636363
Li,L7 Ultra,13,28321538.46153846,25800000,30000000,2024,2026,10.75
OMODA,C5 Premium,13,9490000.0,9490000,9490000,2025,2025,
OMODA,S5 Prestige,13,7990000.0,7990000,7990000,2025,2025,
Volkswagen,Jetta,13,3150769.230769231,370000,6400000,1988,2017,203736.22222222222
Volkswagen,Tiguan,13,11346153.846153846,6700000,16000000,2012,2022,97527.23076923077
ГАЗ,ГАЗель 33027,13,10899000.0,10899000,10899000,2026,2026,
ГАЗ,ГАЗель NEXT A31R23,13,15797000.0,15797000,15797000,2026,2026,
ГАЗ,ГАЗель NEXT A32R23,13,16206000.0,16206000,16206000,2026,2026,
ГАЗ,Соболь 23107,13,11435000.0,11435000,11435000,2026,2026,
ГАЗ,Соболь 27527,13,12096000.0,12096000,12096000,2026,2026,
Audi,A4,12,4683333.333333333,1500000,19500000,1995,2022,300371.3333333333
Chery,Tiggo 7 Pro,12,7466666.666666667,6150000,9600000,2022,2025,42340.416666666664
Daewoo,Gentra,12,3657500.0,2990000,4150000,2012,2015,243804.6
Daewoo,Matiz,12,1540833.3333333333,990000,2500000,2007,2013,145323.0
GAC,GS4 Max Lux,12,11990000.0,11990000,11990000,2025,2025,
GAC,GS4 Max Lux 2.0,12,14990000.0,14990000,14990000,2025,2025,
Honda,Odyssey,12,4749166.666666667,1090000,18500000,1996,2020,247753.2857142857
Hyundai,Mufasa,12,11969166.666666666,11000000,13150000,2023,2026,23013.666666666668
Hyundai,Staria,12,22787500.0,17500000,27500000,2021,2026,49377.916666666664
Kia,K8,12,17812500.0,15000000,25000000,2021,2025,45837.916666666664
Lexus,ES 300,12,4641666.666666667,1500000,6500000,1995,2003,226315.14285714287
Lexus,ES 350,12,13545833.333333334,4000000,31500000,2007,2023,191850.0
Lexus,RX 330,12,7245833.333333333,5000000,10200000,2003,2005,262686.85714285716
Li,L9 Ultra,12,33130833.333333332,27500000,35100000,2024,2026,37.0
Lynk,& Co 900 2.0T Ultra,12,30707500.0,28300000,33000000,2025,2026,25.0
Mitsubishi,Lancer,12,3474166.6666666665,950000,11300000,1995,2013,264832.8
OMODA,C7 Premium Plus,12,10990000.0,10990000,10990000,2025,2025,
Toyota,Vellfire,12,8532442.833333334,4700000,20252225,2008,2016,155886.9090909091
ВАЗ,(Lada) Granta 2191,12,3794166.6666666665,2700000,5300000,2014,2024,77939.90909090909
ВАЗ,(Lada) Vesta,12,4103333.3333333335,3600000,4650000,2017,2021,114909.09090909091
BMW,550,11,26727272.636363637,6500000,70100000,2004,2025,119880.28571428571
BYD,FangChengBao Leopard 5,11,25227272.727272727,21000000,28500000,2023,2026,5813.6
GAC,GS8 GL,11,19490000.0,19490000,19490000,2024,2024,
Infiniti,QX80,11,35338181.81818182,15200000,88990000,2014,2025,124078.0
Li,L9,11,29066363.545454547,25500000,36700000,2022,2025,35871.36363636364
Lynk,& Co 900,11,32304545.363636363,29500000,35000000,2025,2026,526.875
OMODA,S5 Life,11,7490000.0,7490000,7490000,2025,2025,
ВАЗ,(Lada) Kalina 2194,11,2963636.3636363638,2300000,3800000,2013,2017,172333.33333333334
ВАЗ,(Lada) Lada 2121 Classic,11,6890000.0,6890000,6890000,2025,2025,
ВАЗ,(Lada) Lada 2121 Luxe,11,7190000.0,7190000,7190000,2025,2025,
Audi,A8,10,23885000.0,1650000,110000000,1995,2026,221428.57142857142
BMW,735,10,10314444.4,3000000,46500000,1995,2023,224528.42857142858
BMW,750,10,12169000.0,3500000,37000000,2007,2020,156900.0
BMW,X6 XDrive 40i,10,66843064.4,47000000,74127000,2024,2025,15.5
BYD,FangChengBao Titanium 7,10,21034000.0,16690000,23900000,2025,2026,365.5
Changan,CS75 Plus,10,10856000.0,10190000,12500000,2024,2026,6386.2
Chevrolet,Cobalt Elegant AT,10,6322000.0,5990000,6490000,2025,2026,13.5
Chevrolet,Monza,10,6940000.0,6200000,8500000,2023,2024,34837.88888888889
GAC,GS8 GT,10,20490000.0,20490000,20490000,2024,2024,
GAC,GS8 GX,10,21990000.0,21990000,21990000,2024,2024,
Jaecoo,J7 Comfort,10,8990000.0,8990000,8990000,2025,2025,
Lexus,ES 300h,10,9850000.0,7000000,21000000,2012,2019,205690.4
Mazda,6,10,4125000.0,1550000,8500000,2003,2021,221613.125
Mercedes-Benz,Sprinter,10,9815000.0,3800000,19650000,1997,2023,266206.28571428574
Nissan,Primera,10,1667555.5,500000,2500000,1993,2004,333634.28571428574
Nissan,Teana,10,4231999.9,2900000,5800000,2005,2012,285000.0
Renault,Logan,10,3132000.0,1550000,5990000,2014,2022,241966.85714285713
Toyota,Camry Prestige,10,15948000.0,12100000,22690000,2019,2025,83657.625
Toyota,RAV4 Luxe+,10,23396000.0,19690000,30700000,2025,2026,
Toyota,Tundra,10,31409000.0,12000000,58000000,2005,2026,148109.7142857143
Toyota,Windom,10,3180000.0,1200000,4850000,1995,2001,354586.0
ВАЗ,(Lada) 21099,10,949000.0,320000,1900000,1998,2003,337142.5714285714
ВАЗ,(Lada) Largus Classic,10,8400000.0,8400000,8400000,2025,2025,
BMW,340,9,26176666.666666668,2800000,40000000,1999,2025,82081.44444444444
BMW,iX,9,35477777.777777776,27500000,48000000,2021,2023,23910.555555555555
Changan,CS55 Plus Luxe,9,9756966.666666666,9450000,10400000,2025,2026,10.0
Chevrolet,Malibu,9,7665544.333333333,4999999,11000000,2013,2020,129041.75
GAC,Empow GL,9,9990000.0,9990000,9990000,2025,2025,
GAC,Empow GS,9,13990000.0,13990000,13990000,2025,2025,
GAC,GS4 Max Premium,9,15490000.0,15490000,15490000,2025,2025,
GAC,GS8 GX+,9,22990000.0,22990000,22990000,2024,2024,
Geely,Monjaro Premium,9,15690000.0,15690000,15690000,2025,2026,
Hyundai,Tucson Travel 2.5 AT 4WD,9,12972222.222222222,11850000,14590000,2022,2025,50081.71428571428
Kia,Rio X-Line,9,7108588.555555556,6297297,8500000,2018,2022,104221.0
Land,Rover Range Rover Sport,9,12010000.0,3500000,28500000,2005,2018,167912.66666666666
Lexus,LX 470,9,11565555.555555556,5200000,15500000,1999,2007,324867.5714285714
Mercedes-Benz,E 500,9,6788888.888888889,4200000,9000000,1995,2005,206093.42857142858
Mercedes-Benz,G 63 AMG 4MATIC,9,118500000.0,71000000,203500000,2021,2025,26786.5
Mercedes-Benz,GLC Coupe 300 4MATIC,9,47260263.777777776,43094000,52263000,2025,2025,9.666666666666666
Mitsubishi,ASX,9,6657616.333333333,4400000,13200000,2010,2026,161325.625
OMODA,C7 Comfort,9,8990000.0,8990000,8990000,2025,2025,
Rox,01,9,29500000.0,26500000,31000000,2024,2026,13443.5
Skoda,Octavia,9,4107777.777777778,1000000,9500000,2006,2019,213352.0
Skoda,Superb,9,6700000.0,2600000,16100000,2003,2025,169113.875
Toyota,Previa,9,3961111.111111111,650000,7500000,1992,2011,442976.2
Volkswagen,Transporter,9,6533333.333333333,900000,17500000,1988,2016,284562.4285714286
ВАЗ,(Lada) Niva Travel Comfort,9,8390000.0,8390000,8390000,2025,2025,
ВАЗ,(Lada) Vesta SW Comfort CVT,9,10040000.0,10040000,10040000,2024,2025,
ВАЗ,(Lada) Vesta SW Enjoy,9,10540000.0,10540000,10540000,2025,2025,
BMW,M3,8,52687500.0,26000000,85000000,2008,2024,25583.333333333332
Changan,CS55 Plus Comfort,8,9364595.5,8885588,11090000,2025,2026,10.0
Changan,CS75 Plus Comfort,8,11216250.0,11090000,11590000,2025,2026,
Chery,Tiggo 8 Pro,8,9183750.0,5800000,11000000,2021,2025,44128.57142857143
Chevrolet,Onix,8,5505000.0,4300000,7000000,2023,2025,51246.0
Deepal,G318,8,15805000.0,13000000,19500000,2024,2026,275.5
GAC,GS3 Flagship,8,11290000.0,11290000,11290000,2025,2025,
GAC,GS3 Flagship-R,8,11490000.0,11490000,11490000,2025,2025,
Geely,Emgrand Standard,8,6590000.0,6590000,6590000,2025,2025,
Hongqi,E-QM5,8,7898750.0,7000000,8900000,2024,2025,11624.0
Hyundai,Getz,8,2848142.375,1850000,3550000,2004,2010,233768.33333333334
Infiniti,FX35,8,6369886.25,4500000,8900000,2003,2010,263600.0
Jaecoo,J8 Premium DTV,8,15990000.0,15990000,15990000,2025,2025,
Kia,Carnival,8,15648751.125,5900009,21500000,2012,2024,107389.625
Lexus,LX 600,8,78250000.0,70000000,85000000,2022,2025,34423.0
Mazda,323,8,880000.0,350000,1800000,1989,2002,283599.6666666667
Mercedes-Benz,190,8,1365000.0,720000,3450000,1988,1992,308518.3333333333
Mercedes-Benz,E 350,8,14336250.0,3500000,31500000,2005,2022,114088.16666666667
Mercedes-Benz,G 55 AMG,8,22812500.0,16000000,45000000,2003,2011,175666.66666666666
Mitsubishi,Galant,8,1211250.0,600000,2500000,1990,1997,364786.4
Renault,Sandero,8,3505000.0,2200000,6000000,2010,2020,168266.25
Subaru,Impreza,8,5462500.0,2000000,10200000,1994,2016,278699.2
Subaru,Tribeca,8,4853750.0,3190000,5890000,2006,2008,256690.85714285713
Suzuki,Grand Vitara,8,5831250.0,1900000,13450000,2001,2026,237850.2857142857
Toyota,Hiace,8,16487500.0,4700000,48500000,1997,2025,167893.8
Zeekr,8x,8,42053750.0,34290000,47000000,2026,2026,5.0
BMW,X1 XDrive 20i,7,33847459.571428575,15789474,46723260,2019,2026,10091.5
Changan,Eado,7,7471428.428571428,7200000,8500000,2025,2025,10.0
Changan,UNI-K,7,12271428.57142857,10500000,13800000,2023,2024,50500.0
Chevrolet,Orlando,7,5550000.0,4200000,6500000,2012,2015,184002.0
Chevrolet,Spark,7,4077142.8571428573,3300000,5400000,2010,2023,116751.85714285714
Deepal,S09,7,24162857.14285714,22000000,28000000,2025,2025,1029.0
Deepal,S09 Ultra+,7,23348571.42857143,21400000,24490000,2025,2025,61.0
Ford,Focus,7,3671428.5714285714,2000000,6000000,2006,2017,212707.85714285713
GAC,GS3 Comfort,7,10490000.0,10490000,10490000,2025,2025,
GAC,GS3 Standart,7,9990000.0,9990000,9990000,2025,2025,
Geely,Coolray Comfort,7,9418571.42857143,9290000,9590000,2025,2025,
Geely,Coolray Flagship,7,10118571.42857143,8890000,10390000,2024,2025,26129.0
Geely,Monjaro,7,14870000.0,11590000,18500000,2023,2025,37150.857142857145
Geely,Okavango Premium,7,12990000.0,12990000,12990000,2025,2025,
Genesis,GV70 2.5T,7,36468703.85714286,33701437,41847313,2025,2025,
Hyundai,Palisade Calligraphy 7,7,27867142.85714286,21900000,39890000,2023,2025,41872.666666666664
Jaecoo,J7 Premium 4WD,7,11990000.0,11990000,11990000,2025,2025,
Jaecoo,J8 Comfort,7,13990000.0,13990000,13990000,2025,2025,
Kia,Bongo,7,10114285.714285715,5200000,13500000,2003,2025,99779.16666666667
Lexus,RX 350 Executive,7,38682971.428571425,35300000,42390000,2023,2026,22332.0
Mercedes-Benz,C 180,7,1204285.7142857143,500000,1800000,1994,1995,434711.0
Nissan,Terrano,7,4057142.8571428573,1200000,8000000,1992,2021,140700.0
Rox,Adamas,7,35271428.571428575,34200000,36100000,2026,2026,
Subaru,XV,7,7582857.142857143,5500000,11000000,2013,2022,138857.83333333334
Toyota,Avalon,7,10014285.714285715,4600000,21500000,2005,2020,247779.85714285713
Toyota,Caldina,7,2150000.0,650000,4700000,1994,2003,418888.8
Toyota,FJ Cruiser,7,14750793.57142857,9500000,25200000,2006,2019,220318.6
Toyota,Highlander Luxe,7,24584285.714285713,10500000,37500000,2012,2026,97820.0
Toyota,Hilux Surf,7,3750000.0,1900000,7700000,1992,1997,294708.0
Toyota,Land Cruiser Prado Comfort+,7,27831428.57142857,20900000,36190000,2018,2025,93475.5
Toyota,Spacio,7,2514285.714285714,1600000,3500000,1997,1998,235698.83333333334
ВАЗ,(Lada) 2107,7,1057142.857142857,450000,1650000,1995,2012,97346.66666666667
ВАЗ,(Lada) 2110,7,850000.0,400000,1250000,1997,2006,302159.0
BMW,745,6,4091666.6666666665,2800000,6600000,2002,2004,187777.8
BMW,X6 M,6,31883333.333333332,14900000,63000000,2010,2020,93491.2
BYD,Destroyer 05 Luxury,6,7895000.0,7800000,7990000,2025,2025,33.666666666666664
BYD,FangChengBao Leopard 8,6,34233333.333333336,29600000,38500000,2025,2026,9200.0
BYD,Han,6,14848333.333333334,13500000,16990000,2024,2026,3679.0
Changan,X5 Plus Excellence,6,8015000.0,7800000,8690000,2025,2026,15.0
Chevrolet,Aveo,6,3006666.6666666665,2150000,3600000,2011,2015,220750.0
Chevrolet,Lacetti,6,5716666.666666667,3300000,7000000,2012,2023,113600.0
Chevrolet,Tracker,6,6561666.666666667,5390000,8800000,2014,2024,98945.83333333333
Chevrolet,Tracker Premier,6,8950000.0,4490000,10740000,2014,2025,73295.0
Deepal,G318 Mountain Edition,6,15921666.666666666,15080000,16650000,2024,2026,10.0
Deepal,S07 Max 215,6,11900000.0,11000000,12600000,2024,2025,
FAW,T80,6,6966666.666666667,5500000,8000000,2021,2025,11790.0
Ford,Mustang,6,16709833.333333334,10000000,25000000,2009,2025,73208.0
Geely,Atlas Comfort,6,11456666.666666666,11290000,12290000,2025,2026,
Geely,Coolray,6,8515000.0,7400000,10500000,2022,2026,30180.0
Geely,Emgrand Flagship,6,8806666.666666666,8690000,9390000,2025,2025,
Geely,Monjaro Flagship,6,16543333.333333334,13000000,19500000,2023,2026,29208.0
Geely,Okavango Flagship,6,13608333.333333334,12700000,13790000,2025,2025,2494.0
Haval,H6,6,9131666.666666666,7950000,10550000,2022,2024,45990.0
Hyundai,Tucson Travel 2.0 AT 4WD,6,11681666.666666666,9700000,13500000,2018,2024,50551.0
JAC,J7,6,6448333.333333333,5850000,7390000,2023,2025,49766.0
JAC,S3 Pro Intelligent CVT,6,6790000.0,6690000,6990000,2025,2026,
Jeep,Wrangler,6,21166666.666666668,6000000,26000000,1995,2022,87166.66666666667
Kia,Cerato Comfort,6,9958333.333333334,9800000,9990000,2022,2026,80665.0
Kia,K5 Luxe,6,13225000.0,11090000,15990000,2021,2026,56897.0
Kia,Seltos Comfort 2WD,6,10990000.0,10990000,10990000,2025,2025,
Land,Rover Range Rover Sport Dynamic SE,6,102639666.66666667,98717000,104391000,2026,2026,16.2
Lexus,ES 250 Progressive,6,30230666.666666668,29798800,32390000,2025,2025,13.0
Lexus,GX 470,6,11083333.333333334,9000000,13500000,2004,2007,283933.5
Lynk,& Co 900 1.5T Ultra,6,27641666.666666668,25450000,29200000,2025,2026,5.5
Mercedes-Benz,C 240,6,2666666.6666666665,1650000,3300000,1999,2003,287833.3333333333
Mercedes-Benz,CLS 400,6,16733333.333333334,14000000,19000000,2015,2017,118205.0
Mercedes-Benz,E 55 AMG,6,7266666.666666667,4900000,11000000,1997,2005,238643.0
Mercedes-Benz,GLE 450 4MATIC,6,70739426.66666667,65500000,76000000,2025,2026,20.0
Mercedes-Benz,S 300,6,2783333.3333333335,1500000,6000000,1989,1993,301016.0
Mercedes-Benz,S 580 4MATIC,6,117787533.33333333,99000000,140000000,2022,2026,21.25
Nissan,Almera Classic,6,2808333.3333333335,2360000,3590000,2006,2012,255573.8
Nissan,Murano,6,7881666.666666667,3100000,18500000,2005,2022,165132.2
Nissan,Tiida,6,3616666.6666666665,2200000,5300000,2006,2013,194650.0
Porsche,Panamera,6,31500000.0,19000000,60000000,2009,2017,88333.33333333333
Renault,Sandero Stepway,6,5008333.333333333,3800000,6500000,2015,2021,130791.33333333333
Soueast,S07 Flagship,6,12990000.0,12990000,12990000,2026,2026,
Toyota,Camry Gracia,6,3058333.3333333335,1700000,4700000,1997,2000,556984.0
Toyota,Harrier,6,5375925.833333333,3200000,8000000,1998,2003,243300.0
Toyota,Land Cruiser Prado Comfort,6,23056666.666666668,18300000,31990000,2017,2025,130353.4
Toyota,Matrix,6,4216666.666666667,2900000,6000000,2004,2011,253291.4
Toyota,RAV4 Luxe,6,18630000.0,14690000,21000000,2021,2026,31628.6
Toyota,Yaris,6,3891666.6666666665,3100000,4800000,2006,2014,159043.2
Zeekr,001 Flagship,6,25990000.0,25990000,25990000,2026,2026,
Audi,Q8 55 TFSI Quattro Advance,5,56106200.0,53910000,56910000,2024,2025,3.5
BMW,430,5,15720000.0,10000000,25900000,2016,2024,116550.0
BMW,435,5,14620000.0,12500000,16000000,2013,2015,111492.66666666667
BMW,5 серия,5,20600000.0,17200000,25500000,2020,2022,75800.0
BMW,M4,5,48180000.0,29900000,57000000,2015,2023,37926.0
BMW,X1,5,13980000.0,4800000,23900000,2012,2024,105543.0
BMW,iX1,5,19556000.0,18990000,19990000,2025,2025,260.0
BYD,Song Pro,5,12693800.0,9900000,13599000,2025,2025,
BYD,Yuan Up Flagship,5,9972000.0,9900000,9990000,2026,2026,
Changan,CS35 Max Luxe,5,8730000.0,7690000,8990000,2025,2026,11.0
Changan,CS75 Plus Luxe 2WD,5,11936000.0,11000000,12590000,2025,2026,7.0
Changan,CS75 Plus Tech,5,12474000.0,9600000,13990000,2025,2026,
Changan,CS75 Pro,5,10238000.0,9500000,10590000,2025,2025,14.666666666666666
Chery,Tiggo 2 Pro,5,5346000.0,4950000,6300000,2023,2025,49731.25
Chery,Tiggo 8 Pro Max,5,10036000.0,8880000,11900000,2022,2023,51263.8
Chevrolet,Captiva,5,5234000.0,3990000,6800000,2008,2014,161949.66666666666
Daewoo,Damas,5,2829999.8,1999999,4000000,2007,2011,113027.5
Deepal,G318 Secret Edition,5,18280000.0,17100000,18800000,2025,2025,24.333333333333332
Denza,N9,5,38798000.0,33990000,46000000,2025,2026,499.5
EXEED,LX,5,8130000.0,5900000,11000000,2022,2023,72650.6
Geely,Coolray Standart,5,9090000.0,8690000,10090000,2025,2026,
Haval,Jolion Premium 1.5T DCT (2WD),5,8847800.0,8847800,8847800,2026,2026,
Hyundai,Custin,5,15358000.0,13400000,16890000,2024,2026,18017.0
Hyundai,H-1,5,9860000.0,5000000,17700000,2011,2021,242875.0
Hyundai,Terracan,5,4560000.0,2700000,7000000,2002,2007,295000.0
Hyundai,Tucson Prime,5,13066000.0,9990000,15880000,2018,2025,56221.5
JAC,S3,5,4628000.0,3990000,5350000,2018,2021,96973.8
Jeep,Grand Cherokee,5,12537999.8,4999999,26000000,2001,2022,216650.33333333334
Jetour,X70 Plus,5,9506000.0,8340000,11200000,2023,2024,40200.0
Kia,Sportage Luxe,5,12750000.0,8290000,14990000,2016,2026,113000.0
Kia,Telluride,5,27898600.0,18500000,37200000,2020,2026,44996.4
Land,Rover Discovery,5,11998000.0,8000000,13690000,2008,2015,222000.0
Land,Rover Range Rover Autobiography,5,132919000.0,103000000,148430000,2025,2026,20.0
Land,Rover Range Rover SE,5,113682800.0,113102000,114554000,2025,2025,
Lexus,NX 250 Executive,5,31721040.0,31178800,33890000,2025,2025,
Lexus,RX 350 Executive+,5,41753020.0,38800000,42491700,2024,2025,8241.0
Mercedes-Benz,C 200,5,5400000.0,1550000,18500000,1995,2019,59000.0
Mercedes-Benz,E 260,5,1330000.0,950000,1700000,1990,1993,181818.66666666666
Mercedes-Benz,E 300,5,9280000.0,3000000,18000000,1991,2018,123000.0
Mercedes-Benz,GLS 450,5,51700000.0,27500000,73000000,2018,2024,75200.0
Mercedes-Benz,S 350,5,9040000.0,7000000,11200000,2003,2011,207114.0
Mitsubishi,L200,5,12490000.0,3400000,19550000,2006,2025,23000.0
Mitsubishi,RVR,5,1146000.0,780000,1450000,1994,1998,388000.0
Renault,Arkana,5,7208000.0,6550000,8000000,2019,2023,77458.8
Rox,01 VIP,5,29058000.0,27500000,30490000,2025,2026,
Skoda,Yeti,5,4868000.0,4100000,6000000,2011,2014,254106.6
Soueast,S06 Flagship,5,10490000.0,10490000,10490000,2026,2026,1.0
Toyota,Chaser,5,3239999.8,2000000,4100000,1995,1997,530000.0
Toyota,Crown,5,2940000.0,1600000,5000000,1993,2007,316000.0
Toyota,Crown Majesta,5,6220000.0,3700000,10000000,2002,2009,268666.6666666667
Toyota,Grand Highlander,5,34980000.0,30500000,39000000,2023,2026,34750.0
Toyota,Land Cruiser Prado Prestige,5,36854000.0,25500000,47790000,2020,2025,77582.0
Toyota,RAV4 Prestige,5,14058000.0,9300000,20600000,2015,2026,111883.75
Toyota,Venza,5,13979999.8,9100000,28000000,2010,2025,132400.0
Toyota,bZ3X,5,13358000.0,12200000,14500000,2025,2025,1005.0
Volkswagen,Touareg,5,7075777.6,5300000,8888888,2005,2011,283000.0
Volkswagen,Vento,5,1448000.0,500000,2200000,1993,1996,269738.3333333333
ВАЗ,(Lada) 2106,5,722000.0,60000,1400000,1985,2004,59999.666666666664
ВАЗ,(Lada) 2112,5,880000.0,300000,1800000,2002,2007,400000.0
ВАЗ,(Lada) Largus Cross,5,6238000.0,5000000,7600000,2019,2022,114281.25
ВАЗ,(Lada) Vesta Cross,5,5658000.0,4700000,7300000,2019,2021,85418.4
ВАЗ,(Lada) Vesta SW Cross,5,5790000.0,5000000,6500000,2018,2021,100640.0
Audi,Q7,4,13867500.0,4800000,29770000,2007,2021,162000.0
Audi,Q7 55 TFSI,4,55505000.0,52810000,61450000,2024,2025,
BMW,316,4,4675000.0,1400000,12000000,1983,2002,123703.66666666667
BMW,335,4,12025000.0,6000000,14800000,2006,2014,117500.0
BMW,428,4,9437500.0,5950000,11500000,2015,2016,199500.0
BMW,840,4,46200000.0,45000000,48000000,2019,2023,45125.0
BMW,Gran Turismo,4,9622500.0,8000000,12000000,2009,2015,181529.5
BMW,M6,4,27625000.0,13500000,38000000,2007,2016,59000.0
BMW,X3 XDrive 20,4,49356500.0,48500000,49642000,2025,2026,10.0
BYD,Destroyer 05 Comfort,4,7650000.0,7500000,7900000,2025,2026,
BYD,Song Plus,4,11922500.0,8000000,14490000,2023,2025,19108.5
BYD,Song Plus Flagship 100 DM-i,4,14447500.0,13300000,15700000,2025,2026,10.0
BYD,Song Plus Flagship 602 EV,4,13037500.0,12550000,13300000,2025,2025,25.0
BYD,Yuan Up,4,8125000.0,7900000,8700000,2025,2025,95.5
Bentley,Continental Flying Spur,4,13050000.0,6000000,19500000,2005,2007,131800.0
Cadillac,Escalade Premium Luxury Platinum,4,102475000.0,97770000,107180000,2025,2026,
Changan,Eado Enjoy,4,8272500.0,8000000,8800000,2025,2025,20.0
Changan,UNI-V,4,9247500.0,8500000,10800000,2023,2023,25916.25
Changan,X5 Plus Beyond,4,7502500.0,7030000,7690000,2025,2026,10.666666666666666
Chery,Tiggo 2,4,5300000.0,5000000,5600000,2023,2024,32250.0
Chevrolet,Captiva Premier,4,12690000.0,12690000,12690000,2025,2025,9.0
Chevrolet,Cobalt Optimum AT,4,5940000.0,5790000,5990000,2025,2026,15.0
Chevrolet,Niva,4,3312500.0,2750000,4400000,2015,2020,190333.33333333334
Chevrolet,Onix Premier 1,4,7815000.0,7290000,7990000,2025,2026,15.0
Deepal,S07 Max ADS SE 215,4,12145000.0,11490000,13490000,2025,2025,50.0
Deepal,SL03,4,9394250.0,8780000,10000000,2025,2025,
Ford,F-Series,4,35475000.0,23000000,55000000,2020,2023,63000.0
Ford,Galaxy,4,3200000.0,900000,5500000,1996,2008,299755.25
Ford,Mondeo,4,2400000.0,700000,3800000,1994,2010,267146.75
Ford,Transit,4,1687500.0,850000,3800000,1991,2010,750000.0
Geely,Emgrand Comfort AT,4,7890000.0,7890000,7890000,2025,2025,
Geely,Emgrand Luxury,4,8115000.0,7590000,8290000,2025,2025,18.0
Honda,Elysion,4,5687500.0,5200000,6750000,2006,2007,266500.0
Hyundai,Santa Fe High-Tech,4,14900000.0,11100000,16990000,2019,2023,64714.333333333336
Hyundai,Tucson Luxe,4,14615000.0,12290000,16590000,2023,2024,34297.5
Hyundai,ix35,4,7037500.0,5500000,9000000,2013,2015,187500.0
JAC,JS8 Luxury,4,11915000.0,11590000,12890000,2025,2026,
JAC,S5,4,5362500.0,4700000,5700000,2017,2022,109420.0
Jetour,T1,4,15490000.0,14990000,15990000,2025,2026,
Jetour,X90 Plus,4,10847500.0,9300000,13490000,2023,2025,35000.0
Kia,Sorento Comfort,4,17867500.0,16990000,18990000,2024,2025,39535.0
Land,Rover Defender X-Dynamic SE,4,81428500.0,81056000,82151000,2025,2025,11.5
Land,Rover Range Rover Evoque,4,11447500.0,10000000,14890000,2014,2018,132750.0
Lexus,GS 350,4,9675000.0,5200000,14500000,2007,2015,163629.33333333334
Lexus,LS 460,4,8425000.0,5900000,13000000,2007,2012,242150.0
Lexus,NX 200,4,14200000.0,9800000,17000000,2015,2019,147262.0
Lexus,RX 200t,4,18325000.0,17100000,21200000,2016,2021,101779.25
Mercedes-Benz,C 220,4,1957500.0,1350000,2500000,1993,1995,324152.0
Mercedes-Benz,C 280,4,2650000.0,2300000,3000000,1994,1995,397565.6666666667
Mercedes-Benz,G 500,4,18875000.0,12000000,33500000,1999,2013,213666.66666666666
Mercedes-Benz,GLS 450 4MATIC,4,81561000.0,75000000,92500000,2025,2025,22.0
Mercedes-Benz,GLS 63 AMG 4MATIC,4,129910090.0,124000000,137252360,2025,2025,7.0
Mercedes-Benz,S 63 AMG,4,55625000.0,10500000,139000000,2007,2024,128333.33333333333
Mitsubishi,Eclipse Cross,4,9787500.0,5450000,12700000,2020,2023,47800.5
Mitsubishi,Pajero Sport,4,8625000.0,5500000,11000000,2003,2013,252000.0
Nissan,Micra,4,1475000.0,500000,2600000,1993,2009,246111.0
Nissan,Pathfinder,4,6200000.0,3100000,8700000,1998,2013,151828.66666666666
Nissan,Sentra,4,4900000.0,4200000,5300000,2014,2015,255463.75
Nissan,Skyline,4,3699999.75,2800000,5400000,1994,2003,310456.5
Opel,Zafira,4,3425000.0,2800000,4200000,2000,2004,272000.0
Porsche,Cayenne Coupe V6,4,92739825.0,87892200,98400000,2025,2026,20.0
Porsche,Macan,4,48872353.0,14750000,72500000,2015,2025,34757.0
Rox,01 VIP+,4,28375000.0,27900000,28900000,2026,2026,17.0
Soueast,S09 Flagship,4,13490000.0,13490000,13490000,2026,2026,1.0
SsangYong,Kyron,4,5167500.0,3790000,7300000,2007,2013,268815.25
Subaru,Ascent,4,14397500.0,12100000,19000000,2019,2024,95646.25
Toyota,Camry Elegance,4,14597500.0,11500000,17700000,2020,2026,111376.66666666667
Toyota,Fortuner,4,16185000.0,8850000,23000000,2014,2026,195328.0
Toyota,Land Cruiser Premium+,4,50947500.0,49500000,52800000,2021,2022,62644.0
ВАЗ,(Lada) 2109,4,900000.0,350000,1450000,1995,2004,225000.0
ВАЗ,(Lada) Kalina 1118,4,830000.0,670000,1100000,2006,2010,372628.5
ВАЗ,(Lada) Kalina 1119,4,1620000.0,680000,3100000,2007,2011,172150.0
ВАЗ,(Lada) Largus (фургон),4,5412500.0,3950000,6500000,2017,2020,134625.0
УАЗ,Patriot,4,4687500.0,3000000,6750000,2014,2021,220500.0
УАЗ,Буханка,4,1650000.0,900000,2300000,1989,2010,150000.0
Audi,RS Q8,3,104333333.33333333,73000000,120000000,2022,2026,7952.0
BMW,323,3,4733333.333333333,3500000,5800000,1998,2000,203666.66666666666
BMW,650,3,17333333.333333332,15500000,19000000,2011,2014,73500.0
BMW,740 XDrive 3.0,3,75666252.0,69500000,83998756,2024,2025,7770.5
BMW,760,3,36333333.333333336,11500000,85000000,2009,2023,91500.0
BMW,X4,3,23833333.333333332,15000000,35500000,2014,2024,74279.66666666667
BMW,X4 M,3,45425666.666666664,35777000,52000000,2021,2025,30750.0
BMW,X5 M60i,3,87468487.33333333,86626014,87889724,2025,2025,2.0
BMW,Z4,3,22833333.333333332,11500000,31000000,2007,2020,85000.0
BMW,i5,3,43500000.0,21500000,60000000,2023,2025,7000.0
BYD,Han Intelligent Driving,3,16393333.333333334,16090000,16590000,2025,2025,21.666666666666668
BYD,Qin L DM-i,3,9863333.333333334,9600000,10000000,2025,2025,5400.0
BYD,Sea Lion 07,3,15400000.0,14900000,15700000,2025,2025,39.0
Cadillac,Escalade Sport Platinum,3,104043333.33333333,97770000,107180000,2025,2026,
Changan,Alsvin,3,5350000.0,5100000,5500000,2024,2025,24505.333333333332
Changan,UNI-K Tech,3,15590000.0,15590000,15590000,2026,2026,
Changan,UNI-V Sport,3,10423333.333333334,10090000,10590000,2025,2026,
Chevrolet,Damas,3,3863333.3333333335,3290000,4500000,2021,2022,96994.33333333333
Chevrolet,Lanos,3,916666.6666666666,650000,1100000,2005,2008,180370.33333333334
Chevrolet,Onix LTZ,3,7190000.0,6990000,7590000,2025,2026,
Dodge,Challenger,3,16333333.333333334,14000000,18000000,2008,2022,5000.0
Ford,Explorer,3,10066666.666666666,5500000,13200000,2005,2017,75500.0
Geely,Atlas,3,10233333.333333334,8700000,11800000,2023,2024,62333.333333333336
Geely,Atlas Flagship,3,13790000.0,13390000,13990000,2025,2025,
Geely,Atlas Premium 2.0T,3,12690000.0,12690000,12690000,2025,2025,
Geely,Emgrand Comfort MT,3,7290000.0,7290000,7290000,2025,2025,
Genesis,G80 2.5T,3,35975100.0,33720300,37926000,2024,2025,
Genesis,GV80,3,26066666.666666668,22500000,28000000,2020,2021,65583.33333333333
Haval,H9 Premium,3,20471800.0,19711500,21102900,2025,2026,
Haval,Jolion,3,8666666.666666666,8000000,9000000,2023,2024,35666.666666666664
Haval,M6 Elite 1.5T DCT,3,8519800.0,8519800,8519800,2026,2026,
Honda,Accord,3,4733333.333333333,900000,12000000,1991,2023,149000.0
Honda,Civic,3,2966666.6666666665,1400000,3800000,1997,2008,195500.0
Hummer,H3,3,10133333.333333334,7200000,13200000,2006,2008,192363.0
Hyundai,Ioniq 5,3,10130000.0,7500000,11890000,2022,2023,13083.333333333334
Hyundai,Santa Fe Modern,3,20596666.666666668,18500000,24390000,2024,2025,32147.5
Hyundai,Santa Fe Travel,3,13540000.0,11250000,16570000,2020,2023,96813.0
Hyundai,Sonata Style,3,13266666.666666666,12300000,14000000,2023,2025,37119.333333333336
Hyundai,Tucson Travel 2.0 AT 2WD,3,13953333.333333334,11970000,17390000,2022,2025,59379.0
JAC,J7 Luxury CVT,3,8890000.0,8890000,8890000,2025,2025,
JAC,J7 Plus Flagship,3,9756666.666666666,8890000,10190000,2024,2025,
Jetour,T2,3,14793333.333333334,11980000,16500000,2024,2025,31252.0
Jetour,X70,3,7793333.333333333,7390000,8490000,2023,2025,46515.0
Kia,Cerato Luxe 1.6,3,9256666.666666666,6790000,10490000,2018,2025,143648.0
Kia,K5 Premium,3,14776666.666666666,12750000,15790000,2023,2026,73839.0
Kia,K5 Prestige,3,13693333.333333334,12290000,14800000,2023,2025,26392.0
Kia,Picanto,3,5933333.333333333,4900000,6700000,2014,2022,37566.666666666664
Kia,Ray,3,4816666.666666667,3200000,5950000,2016,2021,101000.0
Kia,Soluto Comfort,3,7090000.0,6990000,7290000,2026,2026,
Kia,Soluto Prestige,3,7590000.0,7590000,7590000,2025,2026,
Kia,Sorento Luxe,3,20623333.333333332,20390000,21090000,2026,2026,
Land,Rover Range Rover HSE,3,119897666.66666667,119635000,120423000,2025,2026,13.666666666666666
Lexus,GX 460,3,30333333.333333332,20000000,40000000,2014,2023,106322.66666666667
Lexus,GX 550,3,56133333.333333336,54000000,58500000,2024,2024,21833.333333333332
Lexus,LS 500,3,31333333.333333332,30000000,33000000,2018,2022,53563.666666666664
Lexus,LX 700h VIP,3,88066666.66666667,85000000,90200000,2025,2026,
Lexus,NX 200t,3,12666666.666666666,10000000,15000000,2015,2016,136166.66666666666
Lexus,NX 250,3,29333333.333333332,25500000,33000000,2022,2023,20750.0
Lexus,RX 300 Executive,3,28166666.666666668,26500000,31500000,2022,2022,15997.0
Lexus,RX 350 F Sport+,3,45693333.333333336,42500000,47290000,2025,2025,6586.0
Lexus,RX 500h,3,40666666.666666664,34500000,44500000,2023,2024,28000.0
MG,5,3,6496666.666666667,5900000,6990000,2023,2026,4250.0
Mazda,3,3,5800000.0,3800000,7100000,2005,2014,185666.66666666666
Mazda,Cronos,3,673333.3333333334,570000,750000,1993,1995,
Mazda,MPV,3,3000000.0,2500000,4000000,2000,2004,472088.0
Mercedes-Benz,AMG GT,3,58833333.333333336,55000000,63500000,2015,2021,39500.0
Mercedes-Benz,CLS 350,3,11333333.333333334,8000000,13000000,2006,2014,211666.66666666666
Mercedes-Benz,E 240,3,3433333.3333333335,3000000,4000000,1998,2002,
Mercedes-Benz,E 43 AMG,3,18133333.333333332,5500000,28000000,1995,2018,110833.33333333333
Mercedes-Benz,E 430,3,5016666.666666667,3800000,7300000,2000,2001,352500.0
Mercedes-Benz,GLE 53 AMG 4MATIC+,3,82006554.33333333,77219663,84900000,2025,2025,7.0
Mercedes-Benz,GLE Coupe 450 AMG 4MATIC,3,71852013.33333333,67800000,76756040,2025,2026,19.0
Mercedes-Benz,GLE Coupe 53 AMG 4MATIC,3,88576526.66666667,83175480,91900000,2025,2025,12.666666666666666
Mercedes-Benz,S 450 4MATIC,3,112073333.33333333,106220000,120000000,2025,2025,
Mercedes-Benz,S 550,3,7377001.0,6700000,7731003,2006,2007,200000.0
Mercedes-Benz,S 600,3,80333333.33333333,7500000,222000000,1993,1997,236133.33333333334
Mercedes-Benz,Vito,3,30695666.666666668,4420000,46000000,1999,2024,8.0
Mitsubishi,Chariot,3,1650000.0,900000,2500000,1994,1999,285185.0
Mitsubishi,Space Wagon,3,3133333.3333333335,2200000,4900000,1994,2004,508000.0
Nissan,Elgrand,3,4333333.333333333,4000000,5000000,2003,2007,217000.0
Nissan,Qashqai S,3,16990000.0,16990000,16990000,2025,2025,
Nissan,Serena,3,1680000.0,750000,2990000,1994,1996,189100.0
Ravon,R4,3,4463333.333333333,3790000,4900000,2017,2019,127426.33333333333
Renault,Kaptur,3,6666666.666666667,6200000,7500000,2019,2021,102666.66666666667
SsangYong,Rexton,3,8033333.333333333,4500000,12000000,2004,2020,225666.66666666666
Tank,500,3,26499999.666666668,23999999,28000000,2024,2025,15000.0
Toyota,Aristo,3,2516666.6666666665,1800000,3250000,1994,2002,244373.5
Toyota,Camry Luxe eCVT,3,24626666.666666668,23700000,25190000,2024,2026,13883.0
Toyota,Corolla Comfort CVT,3,9430000.0,7990000,12200000,2018,2025,76453.0
Toyota,Corolla Style,3,9846666.666666666,8490000,11100000,2020,2023,68581.66666666667
Toyota,Land Cruiser Prado Luxe+,3,33426666.666666668,16490000,42290000,2014,2025,96879.0
Toyota,Land Cruiser Prestige,3,53973500.0,45000000,62120500,2022,2025,40595.5
Toyota,Raum,3,1942333.3333333333,1777000,2050000,1997,1999,162738.0
Toyota,Tacoma,3,29500000.0,20000000,46500000,2017,2026,117500.0
Volkswagen,Caddy,3,8766333.333333334,3500000,11499000,2008,2020,195405.66666666666
ВАЗ,(Lada) Kalina 2192,3,2050000.0,1750000,2400000,2014,2014,226533.33333333334
ВАЗ,(Lada) Niva Travel,3,6863333.333333333,4990000,8500000,2022,2025,91678.66666666667
ВАЗ,(Lada) Vesta SW,3,4796666.666666667,4500000,5390000,2018,2020,117206.0
ВАЗ,(Lada) XRAY,3,3826666.6666666665,3290000,4190000,2018,2022,150929.0
ЗАЗ,Chance,3,683333.3333333334,350000,900000,2011,2013,215999.5
AITO,M7 Plus 4WD 5s,2,25350000.0,23200000,27500000,2025,2025,26.0
AITO,M7 Ultra 4WD 5s,2,25650000.0,25000000,26300000,2025,2026,
AITO,M9 Ultra 6s,2,44600000.0,42500000,46700000,2025,2025,26.0
Audi,A6 45 TFSI Quattro,2,36450000.0,27900000,45000000,2025,2026,
Audi,A6 45 TFSI Quattro Design,2,42485000.0,40970000,44000000,2024,2026,
Audi,A6 45 TFSI Quattro Sport,2,43405000.0,42810000,44000000,2024,2026,34.0
Audi,A7,2,23500000.0,12000000,35000000,2012,2022,84500.0
Audi,Q3 40 TFSI Quattro,2,24780000.0,24260000,25300000,2023,2024,30.0
Audi,Q3 40 TFSI Quattro Advance,2,24590000.0,24590000,24590000,2024,2024,32.0
Audi,Q5,2,7000000.0,6500000,7500000,2008,2012,214500.0
Audi,Q8,2,32650000.0,30000000,35300000,2019,2023,65894.0
Audi,Q8 e-tron 55 S line,2,37320000.0,36500000,38140000,2023,2023,5.0
BAIC,BJ40,2,14250000.0,12800000,15700000,2022,2023,8004.5
BMW,116,2,5195000.0,3500000,6890000,2008,2012,120000.0
BMW,320 XDrive,2,17950000.0,16900000,19000000,2021,2024,62675.0
BMW,440,2,17999999.5,17000000,18999999,2017,2017,126500.0
BMW,518,2,1800000.0,600000,3000000,1994,1994,212000.0
BMW,640,2,14250000.0,13000000,15500000,2012,2013,89237.0
BMW,850,2,68500000.0,67000000,70000000,2024,2025,14250.0
BMW,X2,2,24100000.0,15200000,33000000,2023,2025,15000.0
BMW,X3 XDrive 30L,2,37985000.0,34300000,41670000,2026,2026,
BMW,XM,2,102500000.0,90000000,115000000,2023,2023,8210.0
BMW,XM 50e,2,102271014.0,102271014,102271014,2025,2025,
BMW,Z3,2,4225000.0,4100000,4350000,1997,1997,251000.0
BMW,i3,2,11250000.0,7000000,15500000,2016,2023,59750.0
BMW,i7,2,81500000.0,80000000,83000000,2022,2023,23221.5
BMW,i8,2,51000000.0,50000000,52000000,2015,2015,24400.0
BYD,Han DM-i Comfort,2,16000000.0,16000000,16000000,2025,2025,10.0
BYD,Han Flagship EV,2,14425000.0,13350000,15500000,2025,2025,10.0
BYD,Qin Plus,2,7000000.0,6200000,7800000,2023,2025,16000.0
BYD,Sea Lion 06,2,14400000.0,14000000,14800000,2025,2025,10.0
Bentley,Continental GT,2,18500000.0,12000000,25000000,2006,2009,95500.0
Changan,CS35,2,3050000.0,3000000,3100000,2014,2014,145982.0
Changan,Eado Flagship,2,7795000.0,7490000,8100000,2025,2025,11.0
Changan,Eado Plus,2,7500000.0,7100000,7900000,2025,2025,40.0
Changan,Hunter Plus Travel,2,16890000.0,16890000,16890000,2025,2025,
Changan,Qiyuan A06,2,11840000.0,10780000,12900000,2026,2026,
Changan,Qiyuan Q05,2,8545000.0,6600000,10490000,2025,2026,
Changan,X5 Plus Enjoy,2,8549500.0,7800000,9299000,2025,2025,
Changan,X7 Plus,2,10570000.0,10350000,10790000,2025,2025,10.0
Chery,Arrizo 8,2,7300000.0,5800000,8800000,2023,2023,73000.0
Chery,Tiggo 2 Pro Style,2,5990000.0,5990000,5990000,2025,2025,
Chery,Tiggo 4 Pro,2,6695000.0,6190000,7200000,2023,2024,43600.0
Chery,Tiggo 4 Style,2,7085500.0,6000000,8171000,2023,2025,64878.0
Chery,Tiggo 7 Prime,2,9690000.0,9690000,9690000,2025,2025,
Chery,Tiggo 7 Pro Max,2,10145000.0,8790000,11500000,2023,2024,7763.5
Chery,Tiggo 7 Ultimate,2,10492300.0,10492300,10492300,2025,2025,
Chery,Tiggo 9,2,13500000.0,13500000,13500000,2025,2025,14750.0
Chery,Tiggo 9 Flagship,2,16260400.0,15530800,16990000,2025,2026,
Chevrolet,Camaro,2,21100000.0,13700000,28500000,2016,2023,58000.0
Chevrolet,Equinox,2,9850000.0,9000000,10700000,2021,2021,56100.0
Chevrolet,Tahoe,2,17500000.0,10000000,25000000,2014,2016,180000.0
Chevrolet,TrailBlazer,2,8495000.0,6990000,10000000,2021,2021,149242.5
Chevrolet,Traverse Z71,2,33990000.0,33990000,33990000,2026,2026,
Daihatsu,Feroza,2,1800000.0,700000,2900000,1991,1994,107500.0
Daihatsu,Terios,2,2100000.0,2100000,2100000,1997,1997,250000.0
Deepal,S05 200 Max,2,10525000.0,10250000,10800000,2025,2026,
Deepal,S07 Ultra 230,2,13040000.0,11890000,14190000,2025,2026,
Dodge,Charger,2,17500000.0,17000000,18000000,2022,2022,10500.0
DongFeng,Aeolus Haoji,2,13250000.0,13000000,13500000,2024,2025,
DongFeng,Aeolus L7,2,9245000.0,8990000,9500000,2025,2025,30.0
Fiat,Ducato,2,21337500.0,19950000,22725000,2024,2024,6.5
Ford,Fiesta,2,4345000.0,3990000,4700000,2015,2017,202544.5
Ford,Fusion,2,3250000.0,2000000,4500000,2007,2008,144692.5
Ford,Scorpio,2,350000.0,300000,400000,1996,1996,110000.0
GAC,Trumpchi M8,2,20900000.0,17500000,24300000,2024,2024,25250.0
Geely,Atlas Premium 1.5T,2,11890000.0,11890000,11890000,2025,2025,
Geely,Azkarra,2,7845000.0,7000000,8690000,2023,2023,57500.0
Geely,Galaxy Cityray GC,2,8290000.0,8290000,8290000,2026,2026,
Geely,Galaxy EX5 EM-i Pro,2,11990000.0,11990000,11990000,2026,2026,
Geely,Galaxy EX5 Max,2,12990000.0,12990000,12990000,2026,2026,
Geely,Galaxy Preface GF,2,11690000.0,11690000,11690000,2026,2026,
Geely,Galaxy Starship 7,2,13898500.0,12997000,14800000,2025,2026,
Geely,MK,2,1745000.0,1290000,2200000,2009,2013,223029.5
Genesis,G90,2,32000000.0,31000000,33000000,2021,2022,49500.0
Genesis,GV80 2.5T,2,47172949.0,44417022,49928876,2025,2025,
Haval,Dargo,2,13395000.0,12000000,14790000,2023,2025,25187.5
Haval,H5 Elite,2,14607300.0,14607300,14607300,2025,2026,5.0
Haval,H5 Premium,2,15825300.0,15825300,15825300,2026,2026,
Haval,H9,2,18250000.0,12500000,24000000,2021,2025,57687.0
Haval,M6 Comfort 1.5T DCT,2,7863800.0,7863800,7863800,2024,2026,10.0
Haval,M6 Comfort 1.5T MT,2,7681050.0,7453800,7908300,2025,2026,5.0
Hyundai,Aslan,2,9500000.0,9500000,9500000,2014,2016,204500.0
Hyundai,Custin Luxe,2,14845700.0,13790000,15901400,2024,2025,14878.0
Hyundai,Elantra Smart,2,9466000.0,9432000,9500000,2025,2026,27.0
Hyundai,Equus,2,6700000.0,4700000,8700000,2014,2015,186600.0
Hyundai,Galloper,2,3200000.0,2000000,4400000,2001,2001,
Hyundai,Genesis,2,11250000.0,9500000,13000000,2012,2014,160000.0
Hyundai,Lafesta,2,9810000.0,8420000,11200000,2023,2023,39815.0
Hyundai,Matrix,2,3250000.0,3000000,3500000,2007,2007,197500.0
Hyundai,Palisade Prestige 7,2,21000000.0,19500000,22500000,2022,2023,68466.0
Hyundai,Sonata Active,2,13795000.0,13000000,14590000,2024,2025,15932.5
Hyundai,i40,2,7545000.0,6590000,8500000,2015,2016,190500.0
Infiniti,EX35,2,6250000.0,5900000,6600000,2008,2008,225000.0
Infiniti,QX30,2,12475000.0,8950000,16000000,2018,2019,77691.5
Infiniti,QX50 Luxe,2,23990000.0,23990000,23990000,2025,2025,
Infiniti,QX50 Sport,2,27990000.0,27990000,27990000,2024,2024,
Infiniti,QX80 Sensory,2,70894500.0,64799000,76990000,2025,2025,
JAC,JS4 Luxury CVT,2,9390000.0,8790000,9990000,2025,2026,
JAC,JS4 Luxury MT,2,7390000.0,7390000,7390000,2025,2025,
JAC,Sunray,2,10700000.0,8500000,12900000,2021,2021,130000.0
JAC,T9 Hunter Luxury,2,18095000.0,17200000,18990000,2025,2026,
Jeep,Gladiator,2,40250000.0,40000000,40500000,2025,2025,9092.5
Jeep,Liberty,2,5400000.0,4300000,6500000,2002,2005,244748.0
Jetour,Dashing Premium,2,9990000.0,9990000,9990000,2025,2025,
Jetour,X50 Premium,2,8240000.0,7490000,8990000,2025,2026,
Jetour,X50 Prestige,2,7240000.0,6990000,7490000,2025,2026,1.0
Jetour,X70 Premium,2,9490000.0,8990000,9990000,2025,2026,15.0
Jetour,X70 Prestige,2,7990000.0,7990000,7990000,2026,2026,
Kia,Carens,2,6150000.0,5900000,6400000,2013,2014,172500.0
Kia,Cee'd Comfort,2,10990000.0,10990000,10990000,2025,2025,
Kia,Cee'd Luxe,2,9590000.0,9490000,9690000,2024,2025,33717.0
Kia,EV9,2,35990000.0,35990000,35990000,2026,2026,5.0
Kia,K5 Comfort,2,10990000.0,10990000,10990000,2025,2025,
Kia,K8 Premium,2,27990000.0,27990000,27990000,2025,2025,
Kia,K9,2,20000000.0,17000000,23000000,2019,2022,64500.0
Kia,Magentis,2,2250000.0,1700000,2800000,2003,2006,169833.0
Kia,Mohave,2,21300000.0,19600000,23000000,2021,2022,65000.0
Kia,Morning,2,3575000.0,3000000,4150000,2013,2013,141311.5
Kia,Soul Comfort,2,9990000.0,9990000,9990000,2025,2025,
Kia,Soul Luxe 1.6,2,11690000.0,11690000,11690000,2025,2026,
Kia,Spectra,2,1427777.5,855555,2000000,2006,2008,287500.0
Kia,Sportage Comfort,2,11790000.0,11790000,11790000,2025,2025,
Kia,Sportage X-Line+,2,17540000.0,16490000,18590000,2025,2026,
Lamborghini,Urus,2,133000000.0,123000000,143000000,2021,2023,
Land,Rover Defender,2,66000000.0,50000000,82000000,2023,2024,42500.0
Land,Rover Defender S,2,81724000.0,81724000,81724000,2025,2025,20.0
Land,Rover Freelander,2,3650000.0,3000000,4300000,2000,2003,
Land,Rover Range Rover Velar,2,33250000.0,25500000,41000000,2018,2023,82666.5
Lexus,GS 430,2,9250000.0,8000000,10500000,2006,2007,234000.0
Lexus,GX 550 Luxury+,2,60250000.0,56500000,64000000,2024,2025,17876.0
Lexus,GX 550 Overtrail,2,66390000.0,66190000,66590000,2025,2025,
Lexus,IS 200,2,3950000.0,2100000,5800000,2001,2002,112580.0
Lexus,IS 200t,2,10225000.0,8300000,12150000,2016,2016,125500.0
Lexus,LX 600 Luxury+,2,92240000.0,90890000,93590000,2025,2026,
Lexus,RX 350h F Sport Design,2,42345000.0,37800000,46890000,2025,2026,
Lexus,RX 450h,2,20150000.0,15300000,25000000,2013,2022,140000.0
Lexus,RX 450h Luxury,2,49745000.0,42700000,56790000,2025,2026,
Lexus,TX,2,43100000.0,41500000,44700000,2026,2026,
Li,L8,2,20000000.0,20000000,20000000,2023,2024,36000.0
Lifan,Cebrium,2,2750000.0,2000000,3500000,2015,2015,5000.0
Lincoln,Aviator,2,24500000.0,24500000,24500000,2019,2019,64000.0
Lynk,& Co 08 EM-P,2,20740000.0,18490000,22990000,2025,2025,
MG,5 Comfort,2,6740000.0,6490000,6990000,2024,2026,166.0
Mazda,Premacy,2,2200000.0,2200000,2200000,2002,2003,202500.0
Mercedes-Benz,A 160,2,1690000.0,780000,2600000,2001,2003,137000.0
Mercedes-Benz,C 320,2,4975000.0,3250000,6700000,2001,2006,280000.0
Mercedes-Benz,C 43 AMG,2,11350000.0,4500000,18200000,1995,2015,166500.0
Mercedes-Benz,CLA 200,2,8550000.0,7900000,9200000,2013,2015,148500.0
Mercedes-Benz,CLA 45 AMG,2,14500000.0,14500000,14500000,2014,2015,112000.0
Mercedes-Benz,CLS 500,2,9250000.0,8000000,10500000,2005,2007,
Mercedes-Benz,CLS 63 AMG,2,24000000.0,18000000,30000000,2012,2015,95500.0
Mercedes-Benz,E 300 Sport Plus,2,39000000.0,35000000,43000000,2024,2025,
Mercedes-Benz,E 63 AMG,2,39250000.0,36500000,42000000,2018,2018,60875.0
Mercedes-Benz,EQS SUV,2,92795500.0,92591000,93000000,2023,2025,50.0
Mercedes-Benz,G 320,2,11250000.0,7500000,15000000,1994,1998,222222.0
Mercedes-Benz,GL 500,2,9400000.0,7300000,11500000,2007,2013,236000.0
Mercedes-Benz,GL 550,2,7400000.0,6800000,8000000,2008,2008,304283.5
Mercedes-Benz,GLA 250 4MATIC,2,36410500.0,35821000,37000000,2025,2025,20.5
Mercedes-Benz,GLC 300,2,29000000.0,20500000,37500000,2019,2023,70850.0
Mercedes-Benz,GLE 400,2,18600000.0,16500000,20700000,2016,2017,101000.0
Mercedes-Benz,GLE 450,2,48250000.0,43000000,53500000,2022,2023,58000.0
Mercedes-Benz,GLE 63 AMG,2,81750000.0,79500000,84000000,2023,2024,10150.0
Mercedes-Benz,GLK 350,2,7050000.0,7000000,7100000,2008,2009,293310.5
Mercedes-Benz,GLS 400,2,24000000.0,22000000,26000000,2016,2017,122500.0
Mercedes-Benz,ML 350,2,9900000.0,5300000,14500000,2006,2013,328000.0
Mercedes-Benz,S 400,2,3700000.0,2500000,4900000,1991,2004,111111.0
Mercedes-Benz,S 450,2,53500000.0,36000000,71000000,2018,2022,59500.0
Mercedes-Benz,S 55,2,7800000.0,7000000,8600000,2003,2004,190000.0
Mercedes-Benz,S 560,2,30750000.0,11500000,50000000,1989,2018,125000.0
Mercedes-Benz,SL 63 AMG,2,105000000.0,70000000,140000000,2023,2024,500.0
Mercedes-Benz,V 300 Exclusive,2,72766000.0,67032000,78500000,2025,2025,
Mercedes-Maybach,GLS 600 4MATIC,2,140258500.0,115000000,165517000,2023,2025,100.0
Mercedes-Maybach,S 580 4MATIC,2,155000000.0,155000000,155000000,2025,2025,19.0
Mini,Countryman,2,12750000.0,8500000,17000000,2015,2022,110782.0
Mitsubishi,Montero,2,5900000.0,4000000,7800000,2000,2003,230000.0
Mitsubishi,Xpander Cross,2,10000000.0,8000000,12000000,2022,2023,39781.5
Nissan,Altima,2,8898500.0,6900000,10897000,2020,2022,69000.0
Nissan,Armada,2,30250000.0,7000000,53500000,2007,2025,
Nissan,Patrol Platinum+,2,45749500.0,43500000,47999000,2024,2024,
Nissan,Qashqai SL,2,18400000.0,14500000,22300000,2025,2026,10.0
Peugeot,Partner,2,1900000.0,1850000,1950000,2007,2007,250000.0
Porsche,911 Carrera 4 GTS,2,125645500.0,86000000,165291000,2022,2026,
Porsche,911 GT3,2,219563900.0,216127800,223000000,2025,2025,8.0
Porsche,Cayenne Coupe,2,87535035.0,50000000,125070070,2021,2024,32500.0
Porsche,Cayenne GTS,2,118571900.0,113500000,123643800,2025,2025,8.0
Porsche,Cayenne V6,2,67786500.0,47253000,88320000,2024,2026,35978.0
Porsche,Macan T,2,64116100.0,63232200,65000000,2026,2026,8.0
Porsche,Taycan,2,47450000.0,41900000,53000000,2020,2020,43500.0
Renault,Kangoo,2,12200000.0,3000000,21400000,2005,2025,212000.0
Renault,Logan Stepway,2,5350000.0,4110000,6590000,2022,2022,90252.5
Skoda,Kodiaq,2,18850000.0,18700000,19000000,2024,2025,37500.0
Skoda,Octavia Sportline,2,17890000.0,14990000,20790000,2025,2026,
SsangYong,Actyon,2,6175000.0,5550000,6800000,2013,2014,150000.0
Subaru,Crosstrek,2,7450000.0,4200000,10700000,2013,2021,120873.0
Subaru,Outback Premium,2,25690000.0,25690000,25690000,2025,2025,
Suzuki,Jimny,2,8200000.0,8200000,8200000,2010,2010,70000.0
Suzuki,SX4,2,5450000.0,5400000,5500000,2012,2017,180000.0
Tank,300,2,16750000.0,16000000,17500000,2023,2024,41750.0
Tank,300 City Plus,2,20840000.0,18390000,23290000,2025,2026,27823.0
Tank,300 Tech Plus,2,22025250.0,21460500,22590000,2026,2026,
Tank,700 Platinum Ultra,2,50600000.0,50600000,50600000,2025,2025,
Tesla,Model 3,2,13499999.5,10999999,16000000,2019,2021,66500.0
Toyota,Carina,2,1125000.0,950000,1300000,1996,1996,370000.0
Toyota,Corolla Cross,2,11310000.0,11300000,11320000,2021,2026,47000.0
Toyota,Corona,2,2150000.0,1800000,2500000,1996,1997,180000.0
Toyota,Granvia,2,20200000.0,4400000,36000000,1996,2023,64000.0
Toyota,Highlander Prestige,2,25975000.0,23250000,28700000,2025,2025,
Toyota,Hilux Comfort,2,23395000.0,18900000,27890000,2019,2025,188961.0
Toyota,Land Cruiser Luxe,2,29450000.0,27900000,31000000,2015,2016,177321.0
Toyota,Land Cruiser Prestige Off-Road,2,35900000.0,32900000,38900000,2026,2026,
Toyota,Lite Ace,2,2225000.0,450000,4000000,1994,1997,240000.0
Toyota,Picnic,2,4300000.0,4000000,4600000,1999,2000,400000.0
Toyota,Prius,2,3340000.0,680000,6000000,1998,2012,148900.0
Toyota,ProAce Verso,2,25050000.0,24900000,25200000,2025,2025,
Toyota,RAV4 Prestige+,2,17995000.0,16700000,19290000,2022,2025,59013.0
Toyota,Scepter,2,1150000.0,1100000,1200000,1995,1996,280555.5
Toyota,Sprinter Carib,2,2150000.0,2100000,2200000,1995,1997,
Toyota,Town Ace Noah,2,3150000.0,3100000,3200000,1996,1999,292300.0
Volkswagen,Atlas,2,18000000.0,17500000,18500000,2021,2022,68000.0
Volkswagen,Caravelle,2,6350000.0,3200000,9500000,1992,2013,398500.0
Volkswagen,Multivan,2,11750000.0,4500000,19000000,1995,2014,125000.0
Volvo,850,2,1050000.0,600000,1500000,1992,1993,259800.0
Zeekr,001 YOU,2,24995000.0,24000000,25990000,2024,2025,
Zeekr,7X,2,23800000.0,22300000,25300000,2025,2026,6000.0
Zeekr,X,2,12350000.0,11700000,13000000,2023,2023,6500.0
ВАЗ,(Lada) 2104,2,900000.0,600000,1200000,2002,2005,100000.0
ВАЗ,(Lada) Granta,2,3500000.0,3400000,3600000,2019,2022,154000.0
ВАЗ,(Lada) Kalina 1117,2,2250000.0,1800000,2700000,2008,2011,108500.0
ГАЗ,Соболь,2,5750000.0,3500000,8000000,2008,2021,125000.0
УАЗ,3303,2,1400000.0,500000,2300000,2006,2011,119000.0
УАЗ,Фермер,2,1750000.0,1100000,2400000,2007,2010,200000.0
AITO,M7,1,20000000.0,20000000,20000000,2024,2024,24000.0
AITO,M8,1,35990000.0,35990000,35990000,2025,2025,
AITO,M9 Ultra 5s,1,45700000.0,45700000,45700000,2025,2025,
Alfa,Romeo Tonale,1,31000000.0,31000000,31000000,2024,2024,11.0
Audi,A3,1,3300000.0,3300000,3300000,1999,1999,179000.0
Audi,A4 allroad,1,19500000.0,19500000,19500000,2020,2020,41000.0
Audi,A5,1,5890000.0,5890000,5890000,2012,2012,170502.0
Audi,A7 TFSI Quattro,1,42740000.0,42740000,42740000,2024,2024,30.0
Audi,Q5 45 TFSI Quattro,1,16900000.0,16900000,16900000,2017,2017,47704.0
Audi,Q5 45 TFSI Quattro Design,1,33959000.0,33959000,33959000,2025,2025,
Audi,Q8 55 TFSI Quattro,1,59050000.0,59050000,59050000,2024,2024,
Audi,Q8 55 TFSI Quattro Design,1,53090000.0,53090000,53090000,2025,2025,
Audi,Q8 e-tron 55 Advanced,1,33900000.0,33900000,33900000,2023,2023,5.0
Audi,RS 6,1,102000000.0,102000000,102000000,2023,2023,5405.0
Audi,RS 6 TFSI Quattro,1,66000000.0,66000000,66000000,2025,2025,
Audi,RS Q3,1,37000000.0,37000000,37000000,2021,2021,45000.0
Audi,TT,1,7700000.0,7700000,7700000,2009,2009,115000.0
Audi,e-tron,1,26500000.0,26500000,26500000,2023,2023,40290.0
Audi,e-tron Sportback,1,25000000.0,25000000,25000000,2021,2021,25000.0
Avatr,07,1,23000000.0,23000000,23000000,2025,2025,500.0
BAIC,X55,1,6990000.0,6990000,6990000,2024,2024,
BAW,M7,1,11111111.0,11111111,11111111,2023,2023,23467.0
BMW,220,1,20500000.0,20500000,20500000,2021,2021,21000.0
BMW,228,1,5750000.0,5750000,5750000,2015,2015,140000.0
BMW,315,1,2600000.0,2600000,2600000,1979,1979,
BMW,325 XDrive,1,23590000.0,23590000,23590000,2025,2025,
BMW,420,1,32000000.0,32000000,32000000,2021,2021,49280.0
BMW,425,1,34000000.0,34000000,34000000,2025,2025,9000.0
BMW,645,1,7900000.0,7900000,7900000,2005,2005,110000.0
BMW,732,1,4000000.0,4000000,4000000,1983,1983,
BMW,M235,1,22860000.0,22860000,22860000,2023,2023,49000.0
BMW,M760,1,3200000.0,3200000,3200000,2008,2008,
BMW,X3 M,1,44000000.0,44000000,44000000,2024,2024,
BMW,X7 M60i,1,72500000.0,72500000,72500000,2025,2025,14001.0
BMW,i4,1,39000000.0,39000000,39000000,2023,2023,200.0
BYD,BYD Qin L EV,1,12800000.0,12800000,12800000,2025,2025,30.0
BYD,Chazor Flagship,1,9990000.0,9990000,9990000,2026,2026,
BYD,Destroyer 05 Flagship,1,8200000.0,8200000,8200000,2025,2025,
BYD,Dolphin,1,8000000.0,8000000,8000000,2023,2023,
BYD,E2,1,6400000.0,6400000,6400000,2023,2023,28000.0
BYD,Qin,1,5890000.0,5890000,5890000,2023,2023,84442.0
BYD,Seagull,1,6000000.0,6000000,6000000,2025,2025,800.0
BYD,Seal 06 DM,1,14000000.0,14000000,14000000,2025,2025,
BYD,Song Plus Flagship 150 DM-i,1,16500000.0,16500000,16500000,2025,2025,25.0
BYD,Yangwang U8,1,74000000.0,74000000,74000000,2024,2024,12000.0
BYD,Yuan Plus,1,7900000.0,7900000,7900000,2024,2024,
Buick,Century,1,3500000.0,3500000,3500000,1997,1997,
Changan,Alsvin 1.5 DCT,1,6190000.0,6190000,6190000,2025,2025,4520.0
Changan,CS55,1,9700000.0,9700000,9700000,2026,2026,
Changan,CS75 Plus Luxe 4WD,1,13390000.0,13390000,13390000,2026,2026,
Changan,Eado High Energy,1,8900000.0,8900000,8900000,2026,2026,50.0
Changan,Eado Premium,1,7890000.0,7890000,7890000,2025,2025,
Changan,Hunter,1,15500000.0,15500000,15500000,2024,2024,20.0
Changan,Hunter Plus Travel+,1,15800000.0,15800000,15800000,2025,2025,50.0
Changan,Qiyuan A07,1,12500000.0,12500000,12500000,2025,2025,500.0
Changan,Qiyuan Q07,1,13450000.0,13450000,13450000,2025,2025,10.0
Chery,Arrizo 8 Luxury,1,9990000.0,9990000,9990000,2025,2025,
Chery,Arrizo 8 Premium,1,9990000.0,9990000,9990000,2025,2025,
Chery,C8 Classic,1,8490000.0,8490000,8490000,2026,2026,
Chery,Fora,1,1000000.0,1000000,1000000,2007,2007,200000.0
Chery,Tiggo 7 Prestige,1,9061000.0,9061000,9061000,2026,2026,
Chery,Tiggo 9 Ultra,1,15990000.0,15990000,15990000,2026,2026,
Chevrolet,Epica,1,1400000.0,1400000,1400000,2008,2008,450000.0
Chevrolet,Malibu LTZ,1,9500000.0,9500000,9500000,2020,2020,127076.0
Chevrolet,Onix Premier 2,1,7290000.0,7290000,7290000,2025,2025,10.0
Chevrolet,Seeker,1,9900000.0,9900000,9900000,2023,2023,11000.0
Chevrolet,Silverado,1,18000000.0,18000000,18000000,2022,2022,30000.0
Chevrolet,Suburban,1,40000000.0,40000000,40000000,2022,2022,160000.0
Chevrolet,Tahoe High Country,1,49990000.0,49990000,49990000,2026,2026,
Chevrolet,Tahoe Premier,1,53900000.0,53900000,53900000,2025,2025,
Chevrolet,Tracker LT 1.2,1,10240000.0,10240000,10240000,2025,2025,
Chevrolet,Traverse,1,17000000.0,17000000,17000000,2021,2021,97000.0
Chevrolet,Van,1,4100000.0,4100000,4100000,1995,1995,100000.0
Chrysler,300C,1,4000000.0,4000000,4000000,2005,2005,
Chrysler,Concorde,1,1000000.0,1000000,1000000,1994,1994,
Chrysler,PT Cruiser,1,2500000.0,2500000,2500000,2002,2002,
Chrysler,Sebring,1,2500000.0,2500000,2500000,2004,2004,321800.0
Citroen,Xsara Picasso,1,1350000.0,1350000,1350000,2001,2001,277000.0
Daewoo,Kalos,1,950000.0,950000,950000,2002,2002,
Daewoo,Nubira,1,1850000.0,1850000,1850000,1999,1999,300000.0
Daewoo,Tosca,1,1400000.0,1400000,1400000,2006,2006,
Daihatsu,Gran Move,1,1500000.0,1500000,1500000,1998,1998,336000.0
Deepal,G318 Comfort,1,17500000.0,17500000,17500000,2025,2025,
Deepal,S05,1,11800000.0,11800000,11800000,2025,2025,8000.0
Deepal,S07 Max AD Pro 215,1,12000000.0,12000000,12000000,2025,2025,
Deepal,S07 Max ADS SE 285,1,12100000.0,12100000,12100000,2025,2025,9.0
Deepal,S07 Ultra ADS SE 300,1,14590000.0,14590000,14590000,2025,2025,15.0
Deepal,S09 RWD Max,1,19500000.0,19500000,19500000,2025,2025,14.0
Deepal,S09 RWD Ultra,1,19500000.0,19500000,19500000,2025,2025,8.0
Denza,N9 Flagship,1,31690000.0,31690000,31690000,2026,2026,
Dodge,Caliber,1,3700000.0,3700000,3700000,2007,2007,266928.0
Dodge,Durango,1,55000000.0,55000000,55000000,2021,2021,30000.0
DongFeng,Aeolus Yixuan,1,4990000.0,4990000,4990000,2022,2022,31099.0
DongFeng,EP 007,1,10500000.0,10500000,10500000,2025,2025,
DongFeng,Fengon 500,1,4950000.0,4950000,4950000,2022,2022,58950.0
DongFeng,Forthing T5L,1,14800000.0,14800000,14800000,2022,2022,11000.0
DongFeng,Nano (Nammi),1,8000000.0,8000000,8000000,2024,2024,26.0
DongFeng,Paladin,1,17500000.0,17500000,17500000,2024,2024,
EXEED,RX,1,11760000.0,11760000,11760000,2023,2023,37147.0
EXEED,TXL,1,9500000.0,9500000,9500000,2022,2022,52000.0
EXEED,TXL Premium 2.0,1,10990000.0,10990000,10990000,2023,2023,20345.0
FAW,1024,1,5500000.0,5500000,5500000,2023,2023,33000.0
FAW,Besturn B50,1,1800000.0,1800000,1800000,2013,2013,
FAW,V80,1,3300000.0,3300000,3300000,2014,2014,215000.0
Ford,Bronco,1,9000000.0,9000000,9000000,1989,1989,150000.0
Ford,Econoline,1,5000000.0,5000000,5000000,1992,1992,
Ford,Escape,1,1800000.0,1800000,1800000,2004,2004,300000.0
Ford,Maverick,1,3000000.0,3000000,3000000,2001,2001,
Ford,Sierra,1,1200000.0,1200000,1200000,1990,1990,200000.0
Foton,Alpha,1,7800000.0,7800000,7800000,2022,2022,10200.0
GMC,Sierra,1,12700000.0,12700000,12700000,2010,2010,312855.0
Geely,Emgrand EC7,1,2400000.0,2400000,2400000,2014,2014,150000.0
Geely,Emgrand X7,1,2700000.0,2700000,2700000,2014,2014,245000.0
Geely,GC6,1,1300000.0,1300000,1300000,2015,2015,200000.0
Geely,Galaxy Cityray,1,8290000.0,8290000,8290000,2025,2025,
Geely,Galaxy Cityray GF,1,10690000.0,10690000,10690000,2026,2026,
Geely,Galaxy E5,1,7790000.0,7790000,7790000,2024,2024,27668.0
Geely,Galaxy EX5 EM-i,1,11990000.0,11990000,11990000,2025,2025,
Geely,Galaxy Preface,1,9590000.0,9590000,9590000,2025,2025,
Geely,Galaxy Preface GL,1,9590000.0,9590000,9590000,2026,2026,
Geely,M9,1,23800000.0,23800000,23800000,2025,2025,
Geely,Tugella,1,13000000.0,13000000,13000000,2023,2023,51000.0
Genesis,G70,1,18000000.0,18000000,18000000,2022,2022,12000.0
Genesis,G80,1,15990000.0,15990000,15990000,2021,2021,42015.0
Genesis,GV80 Coupe 3.5T,1,62016669.0,62016669,62016669,2025,2025,
Great,Wall Poer KingKong,1,11500000.0,11500000,11500000,2023,2023,59000.0
Great,Wall Wingle 3,1,2800000.0,2800000,2800000,2007,2007,245560.0
Great,Wall Wingle 6,1,5700000.0,5700000,5700000,2014,2014,190800.0
Haval,Dargo x,1,11990000.0,11990000,11990000,2024,2024,16527.0
Haval,F7x,1,7500000.0,7500000,7500000,2021,2021,98000.0
Haval,H6 GT Special,1,13591500.0,13591500,13591500,2025,2025,
Haval,H6 GT Tech Plus,1,16690000.0,16690000,16690000,2025,2025,5.0
Haval,H6 Premium 1.5T 2WD,1,10531500.0,10531500,10531500,2026,2026,5.0
Haval,H6 Premium 2.0T 2WD,1,12390000.0,12390000,12390000,2026,2026,
Haval,Jolion Elite 1.5T DCT (2WD),1,8437800.0,8437800,8437800,2025,2025,
Haval,Jolion Tech Plus 1.5T DCT (2WD),1,9585800.0,9585800,9585800,2025,2025,
Haval,Shenshou,1,9800000.0,9800000,9800000,2023,2023,100.0
HiPhi,Y,1,35000000.0,35000000,35000000,2025,2025,
Honda,CR-X,1,4500000.0,4500000,4500000,1992,1992,
Honda,Jazz,1,2600000.0,2600000,2600000,2002,2002,197000.0
Honda,Pilot,1,17500000.0,17500000,17500000,2017,2017,87000.0
Honda,Prelude,1,1500000.0,1500000,1500000,1996,1996,306752.0
Honda,Shuttle,1,2100000.0,2100000,2100000,1996,1996,
Honda,Stepwgn,1,5000000.0,5000000,5000000,2006,2006,160000.0
Honda,e:NP1,1,8500000.0,8500000,8500000,2022,2022,
Honda,e:NS1,1,8800000.0,8800000,8800000,2023,2023,40000.0
Hongqi,E-HS9,1,22500000.0,22500000,22500000,2023,2023,15000.0
Hongqi,H5,1,16500000.0,16500000,16500000,2023,2023,
Hongqi,HS5,1,12900000.0,12900000,12900000,2024,2024,27000.0
Hyundai,Casper,1,6300000.0,6300000,6300000,2023,2023,23000.0
Hyundai,Custin Travel,1,13500000.0,13500000,13500000,2024,2024,37826.0
Hyundai,Elantra Comfort,1,7990000.0,7990000,7990000,2022,2022,69723.0
Hyundai,Elantra Elegance,1,9912000.0,9912000,9912000,2026,2026,
Hyundai,Elantra Prestige,1,9990000.0,9990000,9990000,2023,2023,53984.0
Hyundai,H 350,1,12500000.0,12500000,12500000,2019,2019,90000.0
Hyundai,Kona,1,8450000.0,8450000,8450000,2020,2020,85666.0
Hyundai,Lantra,1,1200000.0,1200000,1200000,1995,1995,200000.0
Hyundai,Mufasa Top,1,15290000.0,15290000,15290000,2025,2025,10.0
Hyundai,Palisade Luxe 7,1,20500000.0,20500000,20500000,2022,2022,42455.0
Hyundai,Santa Fe Exclusive,1,19800000.0,19800000,19800000,2024,2024,20455.0
Hyundai,Santa Fe Prime,1,14990000.0,14990000,14990000,2021,2021,104697.0
Hyundai,Santamo,1,2000000.0,2000000,2000000,1999,1999,444444.0
Hyundai,Sonata Base,1,9200000.0,9200000,9200000,2021,2021,117459.0
Hyundai,Sonata Comfort,1,11290000.0,11290000,11290000,2024,2024,30130.0
Hyundai,Sonata Luxe,1,18137400.0,18137400,18137400,2026,2026,
Hyundai,Staria Luxe,1,27990000.0,27990000,27990000,2025,2025,10.0
Hyundai,Trajet,1,3300000.0,3300000,3300000,2006,2006,
Hyundai,Tucson Classic AT 4WD,1,11490000.0,11490000,11490000,2022,2022,46461.0
Hyundai,Tucson Comfort 2.0 AT 4WD,1,10190000.0,10190000,10190000,2020,2020,41000.0
Hyundai,Venue,1,8200000.0,8200000,8200000,2020,2020,60000.0
Infiniti,FX37,1,15000000.0,15000000,15000000,2011,2011,202000.0
Infiniti,FX45,1,5500000.0,5500000,5500000,2003,2003,280000.0
Infiniti,G35,1,6500000.0,6500000,6500000,2007,2007,
Infiniti,M35,1,5500000.0,5500000,5500000,2007,2007,
Infiniti,Q50,1,12000000.0,12000000,12000000,2018,2018,90000.0
Infiniti,Q60,1,19000000.0,19000000,19000000,2021,2021,30000.0
Infiniti,QX50,1,12000000.0,12000000,12000000,2019,2019,49000.0
Infiniti,QX50 Sensory,1,28990000.0,28990000,28990000,2024,2024,
Infiniti,QX50 Sensory/ProActive,1,11000000.0,11000000,11000000,2020,2020,69856.0
Infiniti,QX55,1,17000000.0,17000000,17000000,2021,2021,48000.0
Infiniti,QX55 Essential,1,19990000.0,19990000,19990000,2022,2022,
Infiniti,QX55 Essential Proactive,1,18390000.0,18390000,18390000,2021,2021,17139.0
Infiniti,QX70,1,14500000.0,14500000,14500000,2014,2014,110000.0
Infiniti,QX80 Autograph,1,61542000.0,61542000,61542000,2024,2024,13394.0
Iran,Khodro Runna,1,700000.0,700000,700000,2013,2013,340000.0
Isuzu,VehiCross,1,8000000.0,8000000,8000000,1998,1998,327000.0
JAC,HFC 1027 PickUp,1,2200000.0,2200000,2200000,2007,2007,230000.0
JAC,J7 Comfort Plus,1,7690000.0,7690000,7690000,2025,2025,
JAC,JS4 Intelligent,1,9190000.0,9190000,9190000,2025,2025,
JAC,JS6 Comfort,1,8990000.0,8990000,8990000,2025,2025,
JAC,JS8 Intelligent,1,12290000.0,12290000,12290000,2025,2025,
JAC,T6,1,7350000.0,7350000,7350000,2019,2019,180000.0
JAC,T6 Luxury,1,14790000.0,14790000,14790000,2025,2025,
Jaecoo,J7,1,8000000.0,8000000,8000000,2023,2023,29205.0
Jaguar,F-Type,1,20000000.0,20000000,20000000,2016,2016,90000.0
Jaguar,I-Pace,1,33000000.0,33000000,33000000,2021,2021,30000.0
Jaguar,XF,1,17500000.0,17500000,17500000,2017,2017,81000.0
Jaguar,XJ,1,12200000.0,12200000,12200000,2014,2014,131000.0
Jeep,Cherokee,1,5500000.0,5500000,5500000,1990,1990,129000.0
Jeep,Grand Cherokee Overland,1,39990000.0,39990000,39990000,2023,2023,20.0
Jeep,Renegade,1,13000000.0,13000000,13000000,2016,2016,218000.0
Jeep,Wagoneer,1,65000000.0,65000000,65000000,2022,2022,66000.0
Jeep,Wrangler Rubicon X,1,42900000.0,42900000,42900000,2026,2026,50.0
Jetour,Dashing,1,8500000.0,8500000,8500000,2023,2023,24000.0
Jetour,Shanhai L7,1,14200000.0,14200000,14200000,2024,2024,11000.0
Jetour,T2 Expedition,1,17490000.0,17490000,17490000,2025,2025,
Jetour,X70 Plus Prestige Pro,1,11590000.0,11590000,11590000,2025,2025,
Kaiyi,E5,1,7890000.0,7890000,7890000,2025,2025,20.0
Kaiyi,X3 Pro Luxe,1,6990000.0,6990000,6990000,2024,2024,19425.0
Kia,,1,9590000.0,9590000,9590000,2021,2021,18699.0
Kia,Carnival Luxe,1,21990000.0,21990000,21990000,2025,2025,
Kia,Cerato Luxe 2.0,1,9490000.0,9490000,9490000,2023,2023,30207.0
Kia,EV6,1,11800000.0,11800000,11800000,2023,2023,15000.0
Kia,K3,1,8490000.0,8490000,8490000,2023,2023,40000.0
Kia,K9 Premium,1,40990000.0,40990000,40990000,2026,2026,
Kia,Sedona,1,8000000.0,8000000,8000000,2014,2014,225120.0
Kia,Soluto,1,6990000.0,6990000,6990000,2026,2026,
Kia,Soul Style,1,12990000.0,12990000,12990000,2025,2025,
Kia,Sportage Luxe 2.5,1,14600000.0,14600000,14600000,2025,2025,13504.0
Kia,Stinger,1,16000000.0,16000000,16000000,2018,2018,
Kia,XCeed,1,11000000.0,11000000,11000000,2024,2024,33000.0
Land,Rover Discovery Sport,1,9900000.0,9900000,9900000,2015,2015,135000.0
Land,Rover Range Rover Sport Dynamic HSE,1,111398000.0,111398000,111398000,2026,2026,20.0
Lexus,CT 200h,1,7000000.0,7000000,7000000,2014,2014,90000.0
Lexus,ES 250 Luxury 2.5,1,28400000.0,28400000,28400000,2023,2023,38656.0
Lexus,ES 330,1,5100000.0,5100000,5100000,2004,2004,
Lexus,GX 550 Luxury,1,68590000.0,68590000,68590000,2025,2025,
Lexus,LX 600 Luxury,1,90990000.0,90990000,90990000,2026,2026,
Lexus,LX 700h F Sport,1,102500000.0,102500000,102500000,2025,2025,
Lexus,NX 200 Executive,1,16500000.0,16500000,16500000,2019,2019,23006.0
Lexus,NX 300 Executive,1,14590000.0,14590000,14590000,2019,2019,108466.0
Lexus,NX 350,1,30000000.0,30000000,30000000,2023,2023,
Lexus,NX 350h,1,26000000.0,26000000,26000000,2022,2022,23155.0
Lexus,RX 300 F Sport Design,1,25500000.0,25500000,25500000,2021,2021,62905.0
Lexus,RX 350 F Sport Design,1,35000000.0,35000000,35000000,2022,2022,19322.0
Lexus,RX 350 F Sport Performance+ SE,1,41000000.0,41000000,41000000,2026,2026,
Lexus,RX 350 Luxury,1,45035900.0,45035900,45035900,2025,2025,
Lexus,RX 350h,1,36000000.0,36000000,36000000,2022,2022,
Lexus,RX 400h,1,5800000.0,5800000,5800000,2005,2005,485000.0
Lexus,RX 500h F Sport Performance+ SE,1,47000000.0,47000000,47000000,2026,2026,
Lexus,UX 200,1,11900000.0,11900000,11900000,2019,2019,99000.0
Lexus,UX 250h,1,14000000.0,14000000,14000000,2020,2020,56000.0
Li,L6 Max,1,19800000.0,19800000,19800000,2025,2025,
Li,L7 Max,1,27700000.0,27700000,27700000,2025,2025,
Lifan,X50,1,3300000.0,3300000,3300000,2018,2018,108432.0
Lincoln,MKZ,1,17000000.0,17000000,17000000,2020,2020,12000.0
Lincoln,Town Car,1,3600000.0,3600000,3600000,2003,2003,145000.0
Lynk,& Co 03 Pro,1,11490000.0,11490000,11490000,2025,2025,
Lynk,& Co 06,1,13900000.0,13900000,13900000,2026,2026,
Lynk,& Co 09 Ultra,1,29990000.0,29990000,29990000,2025,2025,
Lynk,& Co 900 Explorer,1,31690000.0,31690000,31690000,2026,2026,
MG,HS,1,9990000.0,9990000,9990000,2026,2026,
MG,HS Comfort,1,9990000.0,9990000,9990000,2026,2026,
MG,HS Luxe,1,12490000.0,12490000,12490000,2026,2026,
MG,ZS Comfort,1,7990000.0,7990000,7990000,2026,2026,
Maserati,Ghibli,1,35000000.0,35000000,35000000,2013,2013,62000.0
Mazda,5,1,4500000.0,4500000,4500000,2005,2005,290000.0
Mazda,CX-30,1,16200000.0,16200000,16200000,2022,2022,66026.0
Mazda,CX-5,1,14500000.0,14500000,14500000,2026,2026,10.0
Mazda,CX-9,1,5800000.0,5800000,5800000,2008,2008,330000.0
Mazda,Capella,1,1800000.0,1800000,1800000,1996,1996,233000.0
Mazda,Demio,1,900000.0,900000,900000,2000,2000,320000.0
Mazda,Eunos 800,1,1000000.0,1000000,1000000,1994,1994,
Mazda,Xedos 9,1,900000.0,900000,900000,1998,1998,
McLaren,570S,1,125000000.0,125000000,125000000,2018,2018,39000.0
Mercedes-Benz,A 140,1,1200000.0,1200000,1200000,2001,2001,
Mercedes-Benz,A 180,1,5390000.0,5390000,5390000,2013,2013,128000.0
Mercedes-Benz,A 190,1,1250000.0,1250000,1250000,2000,2000,
Mercedes-Benz,A 200,1,10500000.0,10500000,10500000,2019,2019,168000.0
Mercedes-Benz,A 210,1,2600000.0,2600000,2600000,2003,2003,123000.0
Mercedes-Benz,B 170,1,3300000.0,3300000,3300000,2007,2007,200000.0
Mercedes-Benz,B 180,1,1900000.0,1900000,1900000,2009,2009,
Mercedes-Benz,C 180 4MATIC,1,35963000.0,35963000,35963000,2025,2025,15.0
Mercedes-Benz,C 200 AMG Line,1,40000000.0,40000000,40000000,2025,2025,15.0
Mercedes-Benz,C 250,1,5000000.0,5000000,5000000,2014,2014,145000.0
Mercedes-Benz,C 300,1,9000000.0,9000000,9000000,2015,2015,200000.0
Mercedes-Benz,C 350,1,4100000.0,4100000,4100000,2007,2007,220000.0
Mercedes-Benz,C 63 AMG,1,40000000.0,40000000,40000000,2015,2015,90000.0
Mercedes-Benz,CL 500,1,9000000.0,9000000,9000000,2007,2007,90000.0
Mercedes-Benz,CL 600,1,42000000.0,42000000,42000000,1997,1997,72000.0
Mercedes-Benz,CL 63 AMG,1,20000000.0,20000000,20000000,2007,2007,97000.0
Mercedes-Benz,CLE 300,1,49000000.0,49000000,49000000,2025,2025,
Mercedes-Benz,CLS 450,1,33000000.0,33000000,33000000,2020,2020,44000.0
Mercedes-Benz,E 200 Sport,1,43000000.0,43000000,43000000,2025,2025,
Mercedes-Benz,E 250,1,30700000.0,30700000,30700000,2023,2023,18700.0
Mercedes-Benz,E 270,1,3800000.0,3800000,3800000,2002,2002,
Mercedes-Benz,E 400,1,31000000.0,31000000,31000000,2024,2024,20000.0
Mercedes-Benz,E 420,1,3500000.0,3500000,3500000,1995,1995,
Mercedes-Benz,E 450,1,39000000.0,39000000,39000000,2023,2023,29000.0
Mercedes-Benz,E 53 AMG,1,45000000.0,45000000,45000000,2023,2023,46000.0
Mercedes-Benz,E 53 AMG Premium,1,34490000.0,34490000,34490000,2022,2022,74600.0
Mercedes-Benz,EQC,1,22000000.0,22000000,22000000,2022,2022,15000.0
Mercedes-Benz,EQE SUV,1,66532000.0,66532000,66532000,2025,2025,
Mercedes-Benz,G 300,1,5500000.0,5500000,5500000,1990,1990,
Mercedes-Benz,G 350,1,55000000.0,55000000,55000000,2016,2016,
Mercedes-Benz,G 580 EQ 4MATIC,1,121075000.0,121075000,121075000,2025,2025,
Mercedes-Benz,G 580 EQ EQ,1,145000000.0,145000000,145000000,2025,2025,10.0
Mercedes-Benz,GL 450,1,17000000.0,17000000,17000000,2014,2014,176000.0
Mercedes-Benz,GLA 250 4MATIC Sport,1,30000000.0,30000000,30000000,2025,2025,
Mercedes-Benz,GLA 45 AMG,1,16500000.0,16500000,16500000,2017,2017,90500.0
Mercedes-Benz,GLB 35 AMG,1,41500000.0,41500000,41500000,2024,2024,1000.0
Mercedes-Benz,GLC 200 4MATIC,1,44238340.0,44238340,44238340,2025,2025,7.0
Mercedes-Benz,GLC 220,1,18250000.0,18250000,18250000,2020,2020,110000.0
Mercedes-Benz,GLC 300 4MATIC,1,45531740.0,45531740,45531740,2025,2025,500.0
Mercedes-Benz,GLC 63 AMG,1,50000000.0,50000000,50000000,2018,2018,65000.0
Mercedes-Benz,GLE 350,1,50000000.0,50000000,50000000,2024,2024,18000.0
Mercedes-Benz,GLE 53 AMG,1,55300000.0,55300000,55300000,2026,2026,
Mercedes-Benz,GLE 53 AMG 4MATIC,1,84133060.0,84133060,84133060,2025,2025,7.0
Mercedes-Benz,GLE 63 AMG 4MATIC+,1,78000000.0,78000000,78000000,2024,2024,14500.0
Mercedes-Benz,GLE Coupe 43 AMG,1,25600000.0,25600000,25600000,2019,2019,87000.0
Mercedes-Benz,GLE Coupe 450 AMG,1,24900000.0,24900000,24900000,2015,2015,92000.0
Mercedes-Benz,GLE Coupe 4MATIC,1,65000000.0,65000000,65000000,2025,2025,
Mercedes-Benz,GLE Coupe 63 AMG,1,110000000.0,110000000,110000000,2024,2024,16000.0
Mercedes-Benz,GLE Coupe 63 AMG 4MATIC,1,84129000.0,84129000,84129000,2023,2023,15.0
Mercedes-Benz,GLS 500,1,33000000.0,33000000,33000000,2017,2017,155000.0
Mercedes-Benz,GLS 580,1,80000000.0,80000000,80000000,2022,2022,23000.0
Mercedes-Benz,GLS 580 4MATIC,1,87000000.0,87000000,87000000,2025,2025,20.0
Mercedes-Benz,ML 270,1,2340000.0,2340000,2340000,2003,2003,533903.0
Mercedes-Benz,ML 320,1,5000000.0,5000000,5000000,2004,2004,
Mercedes-Benz,ML 63 AMG,1,26000000.0,26000000,26000000,2013,2013,
Mercedes-Benz,R 350,1,7300000.0,7300000,7300000,2007,2007,482400.0
Mercedes-Benz,S 280,1,2650000.0,2650000,2650000,2000,2000,222222.0
Mercedes-Benz,S 380,1,5100000.0,5100000,5100000,1999,1999,240000.0
Mercedes-Benz,S 500 4MATIC,1,59000000.0,59000000,59000000,2024,2024,
Mercedes-Benz,SL 500,1,10000000.0,10000000,10000000,2003,2003,195000.0
Mercedes-Benz,SL 55 AMG,1,16000000.0,16000000,16000000,2005,2005,118000.0
Mercedes-Benz,V 250 Avantgarde,1,58600000.0,58600000,58600000,2023,2023,
Mercedes-Benz,V 300 Avantgarde,1,78000000.0,78000000,78000000,2025,2025,
Mercedes-Benz,V 300 D Avantgarde,1,58000000.0,58000000,58000000,2023,2023,
Mercedes-Benz,Viano,1,11000000.0,11000000,11000000,2008,2008,305000.0
Mercedes-Maybach,S 500,1,33500000.0,33500000,33500000,2016,2016,45000.0
Mercedes-Maybach,S 680,1,180000000.0,180000000,180000000,2022,2022,3200.0
Mini,Clubman,1,6300000.0,6300000,6300000,2012,2012,80000.0
Mini,Hatch,1,4000000.0,4000000,4000000,2002,2002,
Mitsubishi,Airtrek,1,3300000.0,3300000,3300000,2002,2002,
Mitsubishi,Carisma,1,1000000.0,1000000,1000000,1996,1996,250000.0
Mitsubishi,Delica D:5,1,7950000.0,7950000,7950000,2009,2009,150000.0
Mitsubishi,Dion,1,2600000.0,2600000,2600000,2002,2002,402120.0
Mitsubishi,L300,1,1000000.0,1000000,1000000,1994,1994,320000.0
Mitsubishi,Legnum,1,1700000.0,1700000,1700000,1997,1997,123456.0
Mitsubishi,Outlander Sport,1,4400000.0,4400000,4400000,2011,2011,209170.0
Mitsubishi,Pajero iO,1,1750000.0,1750000,1750000,1998,1998,165072.0
Mitsubishi,Space Runner,1,1000000.0,1000000,1000000,1992,1992,400000.0
Mitsubishi,Space Star,1,1650000.0,1650000,1650000,1999,1999,345000.0
Nissan,Almera Tino,1,1000000.0,1000000,1000000,2001,2001,
Nissan,Bluebird,1,1700000.0,1700000,1700000,1998,1998,
Nissan,Crew,1,1000000.0,1000000,1000000,2000,2000,370000.0
Nissan,Cube,1,1400000.0,1400000,1400000,1999,1999,
Nissan,Datsun,1,3900000.0,3900000,3900000,1990,1990,
Nissan,Gloria,1,3000000.0,3000000,3000000,2004,2004,222222.0
Nissan,Mistral,1,2200000.0,2200000,2200000,1996,1996,
Nissan,Navara,1,16350000.0,16350000,16350000,2025,2025,
Nissan,Note,1,2500000.0,2500000,2500000,2006,2006,320000.0
Nissan,Patrol Platinum City,1,57500000.0,57500000,57500000,2026,2026,
Nissan,Patrol Titanium+,1,64990000.0,64990000,64990000,2025,2025,
Nissan,Presage,1,1900000.0,1900000,1900000,1998,1998,
Nissan,Pulsar,1,1150000.0,1150000,1150000,1995,1995,
Nissan,Qashqai LE,1,7590000.0,7590000,7590000,2021,2021,52080.0
Nissan,Rogue,1,2800000.0,2800000,2800000,2009,2009,250000.0
Nissan,Sunny,1,1000000.0,1000000,1000000,1995,1995,202000.0
Nissan,Terra,1,18500000.0,18500000,18500000,2022,2022,47000.0
Nissan,Tino,1,3200000.0,3200000,3200000,2002,2002,235000.0
Nissan,Titan,1,14000000.0,14000000,14000000,2008,2008,56000.0
Nissan,Urvan,1,25400000.0,25400000,25400000,2025,2025,
Nissan,Versa,1,2300000.0,2300000,2300000,2007,2007,201125.0
Nissan,X-Trail SE Top (2WD),1,11000000.0,11000000,11000000,2020,2020,20805.0
Nissan,Xterra,1,6500000.0,6500000,6500000,2007,2007,252000.0
OMODA,S5,1,5990000.0,5990000,5990000,2023,2023,46881.0
Opel,Combo,1,3200000.0,3200000,3200000,2007,2007,297725.0
Opel,Corsa,1,3000000.0,3000000,3000000,2008,2008,
Opel,Frontera,1,2300000.0,2300000,2300000,1992,1992,
Opel,Omega,1,2200000.0,2200000,2200000,1997,1997,320000.0
Peugeot,,1,4500000.0,4500000,4500000,2008,2008,225155.0
Peugeot,206,1,2100000.0,2100000,2100000,2007,2007,236000.0
Peugeot,308,1,1100000.0,1100000,1100000,2008,2008,
Peugeot,407,1,3000000.0,3000000,3000000,2007,2007,177000.0
Peugeot,607,1,1200000.0,1200000,1200000,2003,2003,
Polar,Stone Jishi 01,1,28686540.0,28686540,28686540,2025,2025,
Polestar,2,1,10500000.0,10500000,10500000,2021,2021,6000.0
Porsche,911 Carrera 4S,1,144000000.0,144000000,144000000,2025,2025,
Porsche,911 Carrera GTS,1,153244200.0,153244200,153244200,2026,2026,
Porsche,Cayenne Coupe GTS,1,115362780.0,115362780,115362780,2026,2026,8.0
Porsche,Cayenne Coupe S,1,97949600.0,97949600,97949600,2025,2025,20.0
Porsche,Cayenne Coupe Turbo GT,1,184500000.0,184500000,184500000,2025,2025,
Porsche,Cayenne E-Hybrid,1,99000000.0,99000000,99000000,2025,2025,8.0
Porsche,Cayenne S,1,106416300.0,106416300,106416300,2025,2025,8.0
Porsche,Cayman,1,20000000.0,20000000,20000000,2011,2011,50000.0
Porsche,Macan 2.0 PDK,1,59000000.0,59000000,59000000,2025,2025,8.0
Porsche,Macan GTS,1,82606860.0,82606860,82606860,2025,2025,20.0
Porsche,Macan S,1,74703120.0,74703120,74703120,2025,2025,20.0
Porsche,Panamera GTS,1,129000000.0,129000000,129000000,2025,2025,
Porsche,Taycan 4S,1,43990000.0,43990000,43990000,2022,2022,55.0
Porsche,Taycan 4S Cross Turismo,1,86600000.0,86600000,86600000,2025,2025,
Porsche,Taycan GTS,1,95900000.0,95900000,95900000,2025,2025,
Porsche,Taycan Turbo,1,101400000.0,101400000,101400000,2025,2025,
Porsche,Taycan Turbo GT,1,119900000.0,119900000,119900000,2025,2025,
Porsche,Taycan Turbo S Cross Turismo,1,86900000.0,86900000,86900000,2023,2023,
RAM,1500,1,32000000.0,32000000,32000000,2023,2023,72000.0
Renault,Koleos,1,12790000.0,12790000,12790000,2023,2023,18782.0
Renault,Megane,1,3600000.0,3600000,3600000,2014,2014,150000.0
Renault,Scenic,1,1550000.0,1550000,1550000,2001,2001,200000.0
Renault,Trafic,1,1700000.0,1700000,1700000,1997,1997,
Rolls-Royce,Cullinan,1,215000000.0,215000000,215000000,2023,2023,
Rolls-Royce,Ghost,1,89000000.0,89000000,89000000,2013,2013,20000.0
Rox,01 Premium,1,27000000.0,27000000,27000000,2026,2026,
Rox,01 Premium+,1,27500000.0,27500000,27500000,2026,2026,
SEAT,Toledo,1,650000.0,650000,650000,2001,2001,220000.0
Saab,9-3,1,3000000.0,3000000,3000000,2004,2004,196000.0
Saab,9000,1,1500000.0,1500000,1500000,1996,1996,
Skoda,Fabia,1,2370000.0,2370000,2370000,2002,2002,281000.0
Skoda,Felicia,1,580000.0,580000,580000,1997,1997,
Skoda,Kodiaq Sportline Plus,1,25990000.0,25990000,25990000,2026,2026,
Skoda,Superb Selection AWD,1,16700000.0,16700000,16700000,2025,2025,
SsangYong,Nomad,1,6000000.0,6000000,6000000,2014,2014,190000.0
Subaru,Forester Premium +,1,19400000.0,19400000,19400000,2025,2025,6889.0
Suzuki,Swift,1,4800000.0,4800000,4800000,2012,2012,134000.0
Suzuki,Vitara,1,5500000.0,5500000,5500000,2015,2015,180000.0
Tank,300 Premium,1,18990500.0,18990500,18990500,2026,2026,
Tank,500 Black,1,32990000.0,32990000,32990000,2026,2026,
Tank,500 Premium 5,1,25011000.0,25011000,25011000,2026,2026,
Tank,500 Tech Plus 7,1,29630500.0,29630500,29630500,2026,2026,
Tesla,Model X,1,33500000.0,33500000,33500000,2020,2020,38000.0
Tesla,Model Y,1,16500000.0,16500000,16500000,2021,2021,37000.0
Toyota,Altezza,1,3800000.0,3800000,3800000,2002,2002,284849.0
Toyota,Auris,1,4500000.0,4500000,4500000,2008,2008,
Toyota,C-HR,1,9300000.0,9300000,9300000,2018,2018,84621.0
Toyota,Camry Elegance eCVT,1,20790000.0,20790000,20790000,2025,2025,
Toyota,Corolla Ceres,1,480000.0,480000,480000,1994,1994,240000.0
Toyota,Corolla Elegance,1,11190000.0,11190000,11190000,2023,2023,23374.0
Toyota,Corolla Verso,1,4500000.0,4500000,4500000,2003,2003,
Toyota,Corona Exiv,1,1200000.0,1200000,1200000,1996,1996,
Toyota,Cresta,1,3000000.0,3000000,3000000,1996,1996,500000.0
Toyota,Estima Emina,1,1200000.0,1200000,1200000,1994,1994,
Toyota,GR86,1,15300000.0,15300000,15300000,2022,2022,41800.0
Toyota,Gaia,1,3200000.0,3200000,3200000,1998,1998,89613.0
Toyota,Hilux Prestige,1,21000000.0,21000000,21000000,2025,2025,
Toyota,Land Cruiser GR Sport,1,64000000.0,64000000,64000000,2025,2025,
Toyota,Land Cruiser Prado Luxe,1,51890000.0,51890000,51890000,2025,2025,
Toyota,Land Cruiser Premium,1,53200000.0,53200000,53200000,2022,2022,36677.0
Toyota,Mark II Qualis,1,4100000.0,4100000,4100000,1997,1997,522000.0
Toyota,Mark X Zio,1,6500000.0,6500000,6500000,2008,2008,145000.0
Toyota,Noah,1,6500000.0,6500000,6500000,2002,2002,419000.0
Toyota,Progres,1,7000000.0,7000000,7000000,2007,2007,33000.0
Toyota,Raize,1,9800000.0,9800000,9800000,2023,2023,18000.0
Toyota,Rush,1,9500000.0,9500000,9500000,2022,2022,59500.0
Toyota,Solara,1,3990000.0,3990000,3990000,2004,2004,484310.0
Toyota,Town Ace,1,1700000.0,1700000,1700000,1991,1991,
Toyota,Urban Cruiser,1,5500000.0,5500000,5500000,2011,2011,135000.0
Toyota,Veloz,1,10600000.0,10600000,10600000,2023,2023,39000.0
Toyota,Vitz,1,1700000.0,1700000,1700000,1999,1999,500.0
Toyota,Voxy,1,5300000.0,5300000,5300000,2008,2008,225000.0
Toyota,Will Vi,1,2400000.0,2400000,2400000,2000,2000,340000.0
Toyota,Wish,1,3100000.0,3100000,3100000,2010,2010,140000.0
Toyota,bZ3,1,12200000.0,12200000,12200000,2023,2023,1.0
Volkswagen,Amarok,1,12800000.0,12800000,12800000,2014,2014,120000.0
Volkswagen,Beetle,1,3000000.0,3000000,3000000,2001,2001,1000.0
Volkswagen,Bora,1,2600000.0,2600000,2600000,2002,2002,
Volkswagen,ID.4,1,12500000.0,12500000,12500000,2022,2022,18000.0
Volkswagen,ID.6,1,13580000.0,13580000,13580000,2023,2023,40000.0
Volkswagen,Passat CC,1,5500000.0,5500000,5500000,2013,2013,150000.0
Volkswagen,Sharan,1,2500000.0,2500000,2500000,2001,2001,300000.0
Volkswagen,Teramont,1,18900000.0,18900000,18900000,2022,2022,31644.0
Volkswagen,Viloran,1,9000000.0,9000000,9000000,2022,2022,44800.0
Volkswagen,e-Bora,1,7000000.0,7000000,7000000,2021,2021,92000.0
Volvo,S40,1,1250000.0,1250000,1250000,1998,1998,480000.0
Volvo,S60,1,2400000.0,2400000,2400000,2003,2003,213000.0
Volvo,S90,1,4000000.0,4000000,4000000,1997,1997,397000.0
Volvo,XC60,1,7300000.0,7300000,7300000,2010,2010,147000.0
Volvo,XC90,1,3800000.0,3800000,3800000,2004,2004,235000.0
Voyah,Dream,1,21000000.0,21000000,21000000,2024,2024,40000.0
Voyah,Passion,1,26000000.0,26000000,26000000,2023,2023,35000.0
Wuling,Hongguang V,1,7950000.0,7950000,7950000,2024,2024,20.0
Xiaomi,SU7 Ultra,1,27790000.0,27790000,27790000,2025,2025,100.0
ZX,GrandLion,1,22200000.0,22200000,22200000,2025,2025,
Zeekr,001 Premium,1,23590000.0,23590000,23590000,2025,2025,
Zeekr,009,1,34900000.0,34900000,34900000,2025,2025,15700.0
Zeekr,7X Long Range,1,23190000.0,23190000,23190000,2026,2026,
Zeekr,7X Ultra,1,23190000.0,23190000,23190000,2026,2026,
Zeekr,X Flagship,1,15490000.0,15490000,15490000,2025,2025,15.0
iCar,03,1,10800000.0,10800000,10800000,2024,2024,13000.0
ВАЗ,(Lada) 2103,1,1800000.0,1800000,1800000,1975,1975,
ВАЗ,(Lada) 2113,1,1000000.0,1000000,1000000,2008,2008,170000.0
ВАЗ,(Lada) Granta 2194,1,4500000.0,4500000,4500000,2018,2018,150000.0
ГАЗ,21 (Волга),1,8500000.0,8500000,8500000,1964,1964,24000.0
ГАЗ,24 (Волга),1,3500000.0,3500000,3500000,1977,1977,48000.0
ГАЗ,69,1,600000.0,600000,600000,1971,1971,
ГАЗ,ГАЗель NEXT A31R33,1,16125000.0,16125000,16125000,2026,2026,
ГАЗ,ГАЗель NEXT A32R33,1,16629000.0,16629000,16629000,2025,2025,
ЗАЗ,Vida,1,2700000.0,2700000,2700000,2014,2014,270000.0
ИЖ,2717,1,1900000.0,1900000,1900000,2006,2006,20000.0
Москвич,2140,1,420000.0,420000,420000,1984,1984,91820.0
УАЗ,469,1,5000000.0,5000000,5000000,1982,1982,
УАЗ,Hunter,1,2250000.0,2250000,2250000,2007,2007,
УАЗ,Pickup,1,3750000.0,3750000,3750000,2014,2014,
УАЗ,Профи Комфорт,1,15670000.0,15670000,15670000,2025,2025,25.0
УАЗ,Профи Стандарт,1,15020000.0,15020000,15020000,2025,2025,25.0
